[debug] [2026-06-09T03:49:33.274Z] ----------------------------------------------------------------------
[debug] [2026-06-09T03:49:33.276Z] Command:       C:\Program Files\nodejs\node.exe C:\Users\Usuário\AppData\Local\npm-cache\_npx\e378e84a5ad1bff6\node_modules\firebase-tools\lib\bin\firebase.js deploy --only firestore:rules
[debug] [2026-06-09T03:49:33.277Z] CLI Version:   15.19.1
[debug] [2026-06-09T03:49:33.277Z] Platform:      win32
[debug] [2026-06-09T03:49:33.277Z] Node Version:  v24.14.0
[debug] [2026-06-09T03:49:33.277Z] Time:          Tue Jun 09 2026 00:49:33 GMT-0300 (Horário Padrão de Brasília)
[debug] [2026-06-09T03:49:33.277Z] ----------------------------------------------------------------------
[debug] 
[debug] [2026-06-09T03:49:34.804Z] > command requires scopes: ["email","openid","https://www.googleapis.com/auth/cloudplatformprojects.readonly","https://www.googleapis.com/auth/firebase","https://www.googleapis.com/auth/cloud-platform"]
[debug] [2026-06-09T03:49:34.805Z] > authorizing via signed-in user (mig180506@gmail.com)
[debug] [2026-06-09T03:49:34.805Z] [iam] checking project info-650fe for permissions ["datastore.indexes.create","datastore.indexes.delete","datastore.indexes.list","datastore.indexes.update","firebase.projects.get"]
[debug] [2026-06-09T03:49:34.807Z] Checked if tokens are valid: true, expires at: 1780980330819
[debug] [2026-06-09T03:49:34.807Z] Checked if tokens are valid: true, expires at: 1780980330819
[debug] [2026-06-09T03:49:34.808Z] >>> [apiv2][query] POST https://cloudresourcemanager.googleapis.com/v1/projects/info-650fe:testIamPermissions [none]
[debug] [2026-06-09T03:49:34.808Z] >>> [apiv2][(partial)header] POST https://cloudresourcemanager.googleapis.com/v1/projects/info-650fe:testIamPermissions  x-goog-user-project=info-650fe
[debug] [2026-06-09T03:49:34.808Z] >>> [apiv2][body] POST https://cloudresourcemanager.googleapis.com/v1/projects/info-650fe:testIamPermissions {"permissions":["datastore.indexes.create","datastore.indexes.delete","datastore.indexes.list","datastore.indexes.update","firebase.projects.get"]}
[debug] [2026-06-09T03:49:35.867Z] <<< [apiv2][status] POST https://cloudresourcemanager.googleapis.com/v1/projects/info-650fe:testIamPermissions 200
[debug] [2026-06-09T03:49:35.867Z] <<< [apiv2][body] POST https://cloudresourcemanager.googleapis.com/v1/projects/info-650fe:testIamPermissions {"permissions":["datastore.indexes.create","datastore.indexes.delete","datastore.indexes.list","datastore.indexes.update","firebase.projects.get"]}
[info] 
[info] === Deploying to 'info-650fe'...
[info] 
[info] i  deploying firestore 
[info] i  firestore: ensuring required API firestore.googleapis.com is enabled... 
[info] i  firestore: ensuring required API firestore.googleapis.com is enabled... 
[debug] [2026-06-09T03:49:35.871Z] Checked if tokens are valid: true, expires at: 1780980330819
[debug] [2026-06-09T03:49:35.871Z] Checked if tokens are valid: true, expires at: 1780980330819
[debug] [2026-06-09T03:49:35.871Z] >>> [apiv2][query] GET https://firestore.googleapis.com/v1/projects/info-650fe/databases/(default) [none]
[debug] [2026-06-09T03:49:37.018Z] <<< [apiv2][status] GET https://firestore.googleapis.com/v1/projects/info-650fe/databases/(default) 200
[debug] [2026-06-09T03:49:37.018Z] <<< [apiv2][body] GET https://firestore.googleapis.com/v1/projects/info-650fe/databases/(default) {"name":"projects/info-650fe/databases/(default)","uid":"a3e74f01-2017-440c-bdb8-b56f294909fc","createTime":"2025-09-18T19:47:27.097957Z","updateTime":"2025-09-18T19:47:27.097957Z","locationId":"nam5","type":"FIRESTORE_NATIVE","concurrencyMode":"PESSIMISTIC","versionRetentionPeriod":"3600s","earliestVersionTime":"2026-06-09T02:49:36.959361Z","appEngineIntegrationMode":"DISABLED","keyPrefix":"s","pointInTimeRecoveryEnablement":"POINT_IN_TIME_RECOVERY_DISABLED","deleteProtectionState":"DELETE_PROTECTION_DISABLED","databaseEdition":"STANDARD","freeTier":true,"realtimeUpdatesMode":"REALTIME_UPDATES_MODE_ENABLED","etag":"ILyrwqCg+ZQDMMHHkKC15pID"}
[info] i  cloud.firestore: checking firestore.rules for compilation errors... 
[debug] [2026-06-09T03:49:37.019Z] Checked if tokens are valid: true, expires at: 1780980330819
[debug] [2026-06-09T03:49:37.019Z] Checked if tokens are valid: true, expires at: 1780980330819
[debug] [2026-06-09T03:49:37.020Z] >>> [apiv2][query] POST https://firebaserules.googleapis.com/v1/projects/info-650fe:test [none]
[debug] [2026-06-09T03:49:37.020Z] >>> [apiv2][body] POST https://firebaserules.googleapis.com/v1/projects/info-650fe:test [omitted]
[debug] [2026-06-09T03:49:38.446Z] <<< [apiv2][status] POST https://firebaserules.googleapis.com/v1/projects/info-650fe:test 200
[debug] [2026-06-09T03:49:38.447Z] <<< [apiv2][body] POST https://firebaserules.googleapis.com/v1/projects/info-650fe:test {}
[info] +  cloud.firestore: rules file firestore.rules compiled successfully 
[debug] [2026-06-09T03:49:38.448Z] Checked if tokens are valid: true, expires at: 1780980330819
[debug] [2026-06-09T03:49:38.449Z] Checked if tokens are valid: true, expires at: 1780980330819
[debug] [2026-06-09T03:49:38.449Z] >>> [apiv2][query] GET https://firebaserules.googleapis.com/v1/projects/info-650fe/releases pageSize=10&pageToken=
[debug] [2026-06-09T03:49:39.647Z] <<< [apiv2][status] GET https://firebaserules.googleapis.com/v1/projects/info-650fe/releases 200
[debug] [2026-06-09T03:49:39.647Z] <<< [apiv2][body] GET https://firebaserules.googleapis.com/v1/projects/info-650fe/releases {"releases":[{"name":"projects/info-650fe/releases/cloud.firestore","rulesetName":"projects/info-650fe/rulesets/a933ef8a-fe57-47ad-86ad-53b4d5fd99b1","createTime":"2025-09-18T19:47:32.071496Z","updateTime":"2025-10-30T20:51:10.132644Z"}]}
[debug] [2026-06-09T03:49:39.647Z] Checked if tokens are valid: true, expires at: 1780980330819
[debug] [2026-06-09T03:49:39.648Z] Checked if tokens are valid: true, expires at: 1780980330819
[debug] [2026-06-09T03:49:39.648Z] >>> [apiv2][query] GET https://firebaserules.googleapis.com/v1/projects/info-650fe/rulesets/a933ef8a-fe57-47ad-86ad-53b4d5fd99b1 [none]
[debug] [2026-06-09T03:49:40.793Z] <<< [apiv2][status] GET https://firebaserules.googleapis.com/v1/projects/info-650fe/rulesets/a933ef8a-fe57-47ad-86ad-53b4d5fd99b1 200
[debug] [2026-06-09T03:49:40.793Z] <<< [apiv2][body] GET https://firebaserules.googleapis.com/v1/projects/info-650fe/rulesets/a933ef8a-fe57-47ad-86ad-53b4d5fd99b1 [omitted]
[info] i  firestore: uploading rules firestore.rules... 
[debug] [2026-06-09T03:49:40.795Z] Checked if tokens are valid: true, expires at: 1780980330819
[debug] [2026-06-09T03:49:40.795Z] Checked if tokens are valid: true, expires at: 1780980330819
[debug] [2026-06-09T03:49:40.796Z] >>> [apiv2][query] POST https://firebaserules.googleapis.com/v1/projects/info-650fe/rulesets [none]
[debug] [2026-06-09T03:49:40.796Z] >>> [apiv2][body] POST https://firebaserules.googleapis.com/v1/projects/info-650fe/rulesets [omitted]
[debug] [2026-06-09T03:49:42.217Z] <<< [apiv2][status] POST https://firebaserules.googleapis.com/v1/projects/info-650fe/rulesets 200
[debug] [2026-06-09T03:49:42.218Z] <<< [apiv2][body] POST https://firebaserules.googleapis.com/v1/projects/info-650fe/rulesets {"name":"projects/info-650fe/rulesets/c1c0427a-9e75-4ea5-a6bc-141d7054c6b8","source":{"files":[{"content":"rules_version = '2';\nservice cloud.firestore {\n  match /databases/{database}/documents {\n    function signedIn() {\n      return request.auth != null;\n    }\n\n    function isOwner(uid) {\n      return signedIn() && request.auth.uid == uid;\n    }\n\n    function isAdmin() {\n      return signedIn()\n        && exists(/databases/$(database)/documents/Usuario/$(request.auth.uid))\n        && (\n          get(/databases/$(database)/documents/Usuario/$(request.auth.uid)).data.admin == true\n          || get(/databases/$(database)/documents/Usuario/$(request.auth.uid)).data.tipo == 'admin'\n        );\n    }\n\n    function activePrestador(uid) {\n      return exists(/databases/$(database)/documents/Usuario/$(uid))\n        && get(/databases/$(database)/documents/Usuario/$(uid)).data.tipo == 'prestador'\n        && get(/databases/$(database)/documents/Usuario/$(uid)).data.contaAtiva == true\n        && get(/databases/$(database)/documents/Usuario/$(uid)).data.assinaturaAtiva != false;\n    }\n\n    function touchesBillingFields() {\n      return request.resource.data.diff(resource.data).changedKeys().hasAny([\n        'assinaturaAtiva',\n        'contaAtiva',\n        'dataCadastro',\n        'dataVencimento',\n        'ultimoPagamento',\n        'statusPagamento',\n        'valorMensalidade',\n        'bloqueadoEm',\n        'motivoBloqueio'\n      ]);\n    }\n\n    function participantIn(data) {\n      return signedIn()\n        && data.participants is list\n        && request.auth.uid in data.participants;\n    }\n\n    function areaParticipant(data) {\n      return signedIn()\n        && data.prestadoresIds is list\n        && request.auth.uid in data.prestadoresIds;\n    }\n\n    match /Usuario/{uid} {\n      allow create: if isOwner(uid)\n        && request.resource.data.tipo in ['prestador', 'contratante']\n        && (\n          !request.resource.data.keys().hasAny(['admin'])\n          || request.resource.data.admin == false\n        );\n\n      allow read: if isOwner(uid)\n        || isAdmin()\n        || (\n          resource.data.tipo == 'prestador'\n          && resource.data.contaAtiva == true\n          && resource.data.assinaturaAtiva != false\n        )\n        || (signedIn() && resource.data.tipo == 'contratante');\n\n      allow update: if isAdmin()\n        || (\n          isOwner(uid)\n          && !touchesBillingFields()\n          && !request.resource.data.diff(resource.data).changedKeys().hasAny(['admin', 'tipo'])\n        );\n\n      allow delete: if isOwner(uid) || isAdmin();\n\n      match /Mensalidades/{periodKey} {\n        allow read: if isOwner(uid) || isAdmin();\n        allow create, update, delete: if false;\n      }\n\n      match /Notificacoes/{notifId} {\n        allow read: if isOwner(uid) || isAdmin();\n        allow create, delete: if false;\n        allow update: if isOwner(uid)\n          && request.resource.data.diff(resource.data).changedKeys().hasOnly(['lida']);\n      }\n\n      match /Serv/{servId} {\n        allow read: if signedIn() && (isOwner(uid) || activePrestador(uid) || isAdmin());\n        allow create, update, delete: if isOwner(uid) || isAdmin();\n      }\n\n      match /Posts/{postId} {\n        allow read: if signedIn() && (isOwner(uid) || activePrestador(uid) || isAdmin());\n        allow create, update, delete: if isOwner(uid) || isAdmin();\n      }\n    }\n\n    match /ServicosAdds/{uid}/ServicosOferecidos/{servicoId} {\n      allow read: if signedIn() && (isOwner(uid) || activePrestador(uid) || isAdmin());\n      allow create, update, delete: if isOwner(uid) || isAdmin();\n    }\n\n    match /ServicosAgendados/{prestadorId}/ServicoStatus/{servicoId} {\n      allow read: if isAdmin()\n        || isOwner(prestadorId)\n        || (signedIn() && resource.data.clienteId == request.auth.uid);\n\n      allow create: if isAdmin()\n        || isOwner(prestadorId)\n        || (signedIn() && request.resource.data.clienteId == request.auth.uid);\n\n      allow update: if isAdmin()\n        || isOwner(prestadorId)\n        || (signedIn() && resource.data.clienteId == request.auth.uid)\n        || (signedIn() && request.resource.data.clienteId == request.auth.uid);\n\n      allow delete: if isAdmin()\n        || isOwner(prestadorId)\n        || (signedIn() && resource.data.clienteId == request.auth.uid);\n    }\n\n    match /ServicosClientes/{clienteId}/ServicoStatus/{servicoId} {\n      allow read: if isAdmin()\n        || isOwner(clienteId)\n        || (signedIn() && resource.data.clienteId == request.auth.uid)\n        || (signedIn() && resource.data.prestadorId == request.auth.uid);\n\n      allow create: if isAdmin()\n        || isOwner(clienteId)\n        || (signedIn() && request.resource.data.prestadorId == request.auth.uid);\n\n      allow update: if isAdmin()\n        || isOwner(clienteId)\n        || (signedIn() && resource.data.prestadorId == request.auth.uid)\n        || (signedIn() && request.resource.data.prestadorId == request.auth.uid);\n\n      allow delete: if isAdmin()\n        || isOwner(clienteId)\n        || (signedIn() && resource.data.prestadorId == request.auth.uid);\n    }\n\n    match /ServicosRejeitados/{prestadorId}/ServicoStatus/{servicoId} {\n      allow read, create, update, delete: if isOwner(prestadorId) || isAdmin();\n    }\n\n    match /SolicitacoesArea/{requestId} {\n      allow read: if isAdmin()\n        || (signedIn() && resource.data.clienteId == request.auth.uid)\n        || areaParticipant(resource.data);\n\n      allow create: if signedIn() && request.resource.data.clienteId == request.auth.uid;\n\n      allow update: if isAdmin()\n        || (signedIn() && resource.data.clienteId == request.auth.uid)\n        || areaParticipant(resource.data);\n\n      allow delete: if isAdmin()\n        || (signedIn() && resource.data.clienteId == request.auth.uid);\n    }\n\n    match /Chats/{chatId} {\n      allow read, update, delete: if participantIn(resource.data) || isAdmin();\n      allow create: if participantIn(request.resource.data) || isAdmin();\n\n      match /Messages/{messageId} {\n        allow read: if isAdmin()\n          || participantIn(get(/databases/$(database)/documents/Chats/$(chatId)).data);\n\n        allow create: if signedIn()\n          && request.resource.data.senderId == request.auth.uid\n          && (\n            isAdmin()\n            || participantIn(getAfter(/databases/$(database)/documents/Chats/$(chatId)).data)\n          );\n\n        allow update, delete: if false;\n      }\n    }\n\n    match /MercadoPagoWebhooks/{webhookId} {\n      allow read, write: if false;\n    }\n\n    match /{document=**} {\n      allow read, write: if false;\n    }\n  }\n}\n","name":"firestore.rules"}]},"createTime":"2026-06-09T03:49:42.099391Z","metadata":{"services":["cloud.firestore"]}}
[debug] [2026-06-09T03:49:42.218Z] [rules] created ruleset projects/info-650fe/rulesets/c1c0427a-9e75-4ea5-a6bc-141d7054c6b8
[debug] [2026-06-09T03:49:42.219Z] [rules] releasing cloud.firestore with ruleset projects/info-650fe/rulesets/c1c0427a-9e75-4ea5-a6bc-141d7054c6b8
[debug] [2026-06-09T03:49:42.220Z] Checked if tokens are valid: true, expires at: 1780980330819
[debug] [2026-06-09T03:49:42.220Z] Checked if tokens are valid: true, expires at: 1780980330819
[debug] [2026-06-09T03:49:42.220Z] >>> [apiv2][query] PATCH https://firebaserules.googleapis.com/v1/projects/info-650fe/releases/cloud.firestore [none]
[debug] [2026-06-09T03:49:42.221Z] >>> [apiv2][body] PATCH https://firebaserules.googleapis.com/v1/projects/info-650fe/releases/cloud.firestore {"release":{"name":"projects/info-650fe/releases/cloud.firestore","rulesetName":"projects/info-650fe/rulesets/c1c0427a-9e75-4ea5-a6bc-141d7054c6b8"}}
[debug] [2026-06-09T03:49:43.594Z] <<< [apiv2][status] PATCH https://firebaserules.googleapis.com/v1/projects/info-650fe/releases/cloud.firestore 200
[debug] [2026-06-09T03:49:43.595Z] <<< [apiv2][body] PATCH https://firebaserules.googleapis.com/v1/projects/info-650fe/releases/cloud.firestore {"name":"projects/info-650fe/releases/cloud.firestore","rulesetName":"projects/info-650fe/rulesets/c1c0427a-9e75-4ea5-a6bc-141d7054c6b8","createTime":"2025-09-18T19:47:32.071496Z","updateTime":"2026-06-09T03:49:43.477611Z"}
[debug] [2026-06-09T03:49:43.595Z] [rules] updated release projects/info-650fe/releases/cloud.firestore
[info] +  firestore: released rules firestore.rules to cloud.firestore 
[info] 
[info] +  Deploy complete! 
[info] 
[info] Project Console: https://console.firebase.google.com/project/info-650fe/overview
[debug] [2026-06-09T04:02:59.790Z] ----------------------------------------------------------------------
[debug] [2026-06-09T04:02:59.792Z] Command:       C:\Program Files\nodejs\node.exe C:\Users\Usuário\AppData\Local\npm-cache\_npx\e378e84a5ad1bff6\node_modules\firebase-tools\lib\bin\firebase.js deploy --only firestore:rules
[debug] [2026-06-09T04:02:59.793Z] CLI Version:   15.19.1
[debug] [2026-06-09T04:02:59.793Z] Platform:      win32
[debug] [2026-06-09T04:02:59.793Z] Node Version:  v24.14.0
[debug] [2026-06-09T04:02:59.793Z] Time:          Tue Jun 09 2026 01:02:59 GMT-0300 (Horário Padrão de Brasília)
[debug] [2026-06-09T04:02:59.793Z] ----------------------------------------------------------------------
[debug] 
[debug] [2026-06-09T04:03:01.371Z] > command requires scopes: ["email","openid","https://www.googleapis.com/auth/cloudplatformprojects.readonly","https://www.googleapis.com/auth/firebase","https://www.googleapis.com/auth/cloud-platform"]
[debug] [2026-06-09T04:03:01.371Z] > authorizing via signed-in user (mig180506@gmail.com)
[debug] [2026-06-09T04:03:01.372Z] [iam] checking project info-650fe for permissions ["datastore.indexes.create","datastore.indexes.delete","datastore.indexes.list","datastore.indexes.update","firebase.projects.get"]
[debug] [2026-06-09T04:03:01.373Z] Checked if tokens are valid: true, expires at: 1780980330819
[debug] [2026-06-09T04:03:01.373Z] Checked if tokens are valid: true, expires at: 1780980330819
[debug] [2026-06-09T04:03:01.374Z] >>> [apiv2][query] POST https://cloudresourcemanager.googleapis.com/v1/projects/info-650fe:testIamPermissions [none]
[debug] [2026-06-09T04:03:01.375Z] >>> [apiv2][(partial)header] POST https://cloudresourcemanager.googleapis.com/v1/projects/info-650fe:testIamPermissions  x-goog-user-project=info-650fe
[debug] [2026-06-09T04:03:01.375Z] >>> [apiv2][body] POST https://cloudresourcemanager.googleapis.com/v1/projects/info-650fe:testIamPermissions {"permissions":["datastore.indexes.create","datastore.indexes.delete","datastore.indexes.list","datastore.indexes.update","firebase.projects.get"]}
[debug] [2026-06-09T04:03:01.932Z] <<< [apiv2][status] POST https://cloudresourcemanager.googleapis.com/v1/projects/info-650fe:testIamPermissions 200
[debug] [2026-06-09T04:03:01.932Z] <<< [apiv2][body] POST https://cloudresourcemanager.googleapis.com/v1/projects/info-650fe:testIamPermissions {"permissions":["datastore.indexes.create","datastore.indexes.delete","datastore.indexes.list","datastore.indexes.update","firebase.projects.get"]}
[info] 
[info] === Deploying to 'info-650fe'...
[info] 
[info] i  deploying firestore 
[info] i  firestore: ensuring required API firestore.googleapis.com is enabled... 
[info] i  firestore: ensuring required API firestore.googleapis.com is enabled... 
[debug] [2026-06-09T04:03:01.936Z] Checked if tokens are valid: true, expires at: 1780980330819
[debug] [2026-06-09T04:03:01.936Z] Checked if tokens are valid: true, expires at: 1780980330819
[debug] [2026-06-09T04:03:01.936Z] >>> [apiv2][query] GET https://firestore.googleapis.com/v1/projects/info-650fe/databases/(default) [none]
[debug] [2026-06-09T04:03:03.123Z] <<< [apiv2][status] GET https://firestore.googleapis.com/v1/projects/info-650fe/databases/(default) 200
[debug] [2026-06-09T04:03:03.123Z] <<< [apiv2][body] GET https://firestore.googleapis.com/v1/projects/info-650fe/databases/(default) {"name":"projects/info-650fe/databases/(default)","uid":"a3e74f01-2017-440c-bdb8-b56f294909fc","createTime":"2025-09-18T19:47:27.097957Z","updateTime":"2025-09-18T19:47:27.097957Z","locationId":"nam5","type":"FIRESTORE_NATIVE","concurrencyMode":"PESSIMISTIC","versionRetentionPeriod":"3600s","earliestVersionTime":"2026-06-09T03:03:03.067217Z","appEngineIntegrationMode":"DISABLED","keyPrefix":"s","pointInTimeRecoveryEnablement":"POINT_IN_TIME_RECOVERY_DISABLED","deleteProtectionState":"DELETE_PROTECTION_DISABLED","databaseEdition":"STANDARD","freeTier":true,"realtimeUpdatesMode":"REALTIME_UPDATES_MODE_ENABLED","etag":"ILeg86Cj+ZQDMMHHkKC15pID"}
[info] i  cloud.firestore: checking firestore.rules for compilation errors... 
[debug] [2026-06-09T04:03:03.126Z] Checked if tokens are valid: true, expires at: 1780980330819
[debug] [2026-06-09T04:03:03.126Z] Checked if tokens are valid: true, expires at: 1780980330819
[debug] [2026-06-09T04:03:03.126Z] >>> [apiv2][query] POST https://firebaserules.googleapis.com/v1/projects/info-650fe:test [none]
[debug] [2026-06-09T04:03:03.126Z] >>> [apiv2][body] POST https://firebaserules.googleapis.com/v1/projects/info-650fe:test [omitted]
[debug] [2026-06-09T04:03:04.706Z] <<< [apiv2][status] POST https://firebaserules.googleapis.com/v1/projects/info-650fe:test 200
[debug] [2026-06-09T04:03:04.706Z] <<< [apiv2][body] POST https://firebaserules.googleapis.com/v1/projects/info-650fe:test {}
[info] +  cloud.firestore: rules file firestore.rules compiled successfully 
[debug] [2026-06-09T04:03:04.708Z] Checked if tokens are valid: true, expires at: 1780980330819
[debug] [2026-06-09T04:03:04.708Z] Checked if tokens are valid: true, expires at: 1780980330819
[debug] [2026-06-09T04:03:04.709Z] >>> [apiv2][query] GET https://firebaserules.googleapis.com/v1/projects/info-650fe/releases pageSize=10&pageToken=
[debug] [2026-06-09T04:03:05.869Z] <<< [apiv2][status] GET https://firebaserules.googleapis.com/v1/projects/info-650fe/releases 200
[debug] [2026-06-09T04:03:05.870Z] <<< [apiv2][body] GET https://firebaserules.googleapis.com/v1/projects/info-650fe/releases {"releases":[{"name":"projects/info-650fe/releases/cloud.firestore","rulesetName":"projects/info-650fe/rulesets/c1c0427a-9e75-4ea5-a6bc-141d7054c6b8","createTime":"2025-09-18T19:47:32.071496Z","updateTime":"2026-06-09T03:49:43.477611Z"}]}
[debug] [2026-06-09T04:03:05.871Z] Checked if tokens are valid: true, expires at: 1780980330819
[debug] [2026-06-09T04:03:05.871Z] Checked if tokens are valid: true, expires at: 1780980330819
[debug] [2026-06-09T04:03:05.871Z] >>> [apiv2][query] GET https://firebaserules.googleapis.com/v1/projects/info-650fe/rulesets/c1c0427a-9e75-4ea5-a6bc-141d7054c6b8 [none]
[debug] [2026-06-09T04:03:07.084Z] <<< [apiv2][status] GET https://firebaserules.googleapis.com/v1/projects/info-650fe/rulesets/c1c0427a-9e75-4ea5-a6bc-141d7054c6b8 200
[debug] [2026-06-09T04:03:07.085Z] <<< [apiv2][body] GET https://firebaserules.googleapis.com/v1/projects/info-650fe/rulesets/c1c0427a-9e75-4ea5-a6bc-141d7054c6b8 [omitted]
[info] i  firestore: uploading rules firestore.rules... 
[debug] [2026-06-09T04:03:07.086Z] Checked if tokens are valid: true, expires at: 1780980330819
[debug] [2026-06-09T04:03:07.086Z] Checked if tokens are valid: true, expires at: 1780980330819
[debug] [2026-06-09T04:03:07.086Z] >>> [apiv2][query] POST https://firebaserules.googleapis.com/v1/projects/info-650fe/rulesets [none]
[debug] [2026-06-09T04:03:07.086Z] >>> [apiv2][body] POST https://firebaserules.googleapis.com/v1/projects/info-650fe/rulesets [omitted]
[debug] [2026-06-09T04:03:08.519Z] <<< [apiv2][status] POST https://firebaserules.googleapis.com/v1/projects/info-650fe/rulesets 200
[debug] [2026-06-09T04:03:08.520Z] <<< [apiv2][body] POST https://firebaserules.googleapis.com/v1/projects/info-650fe/rulesets {"name":"projects/info-650fe/rulesets/05a32b1b-ba05-4bc1-b5d5-9b743e4c7d37","source":{"files":[{"content":"rules_version = '2';\nservice cloud.firestore {\n  match /databases/{database}/documents {\n    function signedIn() {\n      return request.auth != null;\n    }\n\n    function isOwner(uid) {\n      return signedIn() && request.auth.uid == uid;\n    }\n\n    function isAdmin() {\n      return signedIn()\n        && exists(/databases/$(database)/documents/Usuario/$(request.auth.uid))\n        && (\n          get(/databases/$(database)/documents/Usuario/$(request.auth.uid)).data.admin == true\n          || get(/databases/$(database)/documents/Usuario/$(request.auth.uid)).data.tipo == 'admin'\n        );\n    }\n\n    function activePrestador(uid) {\n      return exists(/databases/$(database)/documents/Usuario/$(uid))\n        && get(/databases/$(database)/documents/Usuario/$(uid)).data.tipo == 'prestador'\n        && get(/databases/$(database)/documents/Usuario/$(uid)).data.contaAtiva == true\n        && get(/databases/$(database)/documents/Usuario/$(uid)).data.assinaturaAtiva != false;\n    }\n\n    function touchesBillingFields() {\n      return request.resource.data.diff(resource.data).changedKeys().hasAny([\n        'assinaturaAtiva',\n        'contaAtiva',\n        'dataCadastro',\n        'dataVencimento',\n        'ultimoPagamento',\n        'statusPagamento',\n        'valorMensalidade',\n        'bloqueadoEm',\n        'motivoBloqueio'\n      ]);\n    }\n\n    function participantIn(data) {\n      return signedIn()\n        && data.participants is list\n        && request.auth.uid in data.participants;\n    }\n\n    function areaParticipant(data) {\n      return signedIn()\n        && data.prestadoresIds is list\n        && request.auth.uid in data.prestadoresIds;\n    }\n\n    match /Usuario/{uid} {\n      allow create: if isOwner(uid)\n        && request.resource.data.tipo in ['prestador', 'contratante']\n        && (\n          !request.resource.data.keys().hasAny(['admin'])\n          || request.resource.data.admin == false\n        );\n\n      allow read: if isOwner(uid)\n        || isAdmin()\n        || (\n          resource.data.tipo == 'prestador'\n          && resource.data.contaAtiva == true\n          && resource.data.assinaturaAtiva != false\n        )\n        || (signedIn() && resource.data.tipo == 'contratante');\n\n      allow update: if isAdmin()\n        || (\n          isOwner(uid)\n          && !touchesBillingFields()\n          && !request.resource.data.diff(resource.data).changedKeys().hasAny(['admin', 'tipo'])\n        );\n\n      allow delete: if isOwner(uid) || isAdmin();\n\n      match /Mensalidades/{periodKey} {\n        allow read: if isOwner(uid) || isAdmin();\n        allow create, update, delete: if false;\n      }\n\n      match /Notificacoes/{notifId} {\n        allow read: if isOwner(uid) || isAdmin();\n        allow create, delete: if isAdmin();\n        allow update: if isAdmin()\n          || (\n            isOwner(uid)\n            && request.resource.data.diff(resource.data).changedKeys().hasOnly(['lida'])\n          );\n      }\n\n      match /Serv/{servId} {\n        allow read: if signedIn() && (isOwner(uid) || activePrestador(uid) || isAdmin());\n        allow create, update, delete: if isOwner(uid) || isAdmin();\n      }\n\n      match /Posts/{postId} {\n        allow read: if signedIn() && (isOwner(uid) || activePrestador(uid) || isAdmin());\n        allow create, update, delete: if isOwner(uid) || isAdmin();\n      }\n    }\n\n    match /ServicosAdds/{uid}/ServicosOferecidos/{servicoId} {\n      allow read: if signedIn() && (isOwner(uid) || activePrestador(uid) || isAdmin());\n      allow create, update, delete: if isOwner(uid) || isAdmin();\n    }\n\n    match /ServicosAgendados/{prestadorId}/ServicoStatus/{servicoId} {\n      allow read: if isAdmin()\n        || isOwner(prestadorId)\n        || (signedIn() && resource.data.clienteId == request.auth.uid);\n\n      allow create: if isAdmin()\n        || isOwner(prestadorId)\n        || (signedIn() && request.resource.data.clienteId == request.auth.uid);\n\n      allow update: if isAdmin()\n        || isOwner(prestadorId)\n        || (signedIn() && resource.data.clienteId == request.auth.uid)\n        || (signedIn() && request.resource.data.clienteId == request.auth.uid);\n\n      allow delete: if isAdmin()\n        || isOwner(prestadorId)\n        || (signedIn() && resource.data.clienteId == request.auth.uid);\n    }\n\n    match /ServicosClientes/{clienteId}/ServicoStatus/{servicoId} {\n      allow read: if isAdmin()\n        || isOwner(clienteId)\n        || (signedIn() && resource.data.clienteId == request.auth.uid)\n        || (signedIn() && resource.data.prestadorId == request.auth.uid);\n\n      allow create: if isAdmin()\n        || isOwner(clienteId)\n        || (signedIn() && request.resource.data.prestadorId == request.auth.uid);\n\n      allow update: if isAdmin()\n        || isOwner(clienteId)\n        || (signedIn() && resource.data.prestadorId == request.auth.uid)\n        || (signedIn() && request.resource.data.prestadorId == request.auth.uid);\n\n      allow delete: if isAdmin()\n        || isOwner(clienteId)\n        || (signedIn() && resource.data.prestadorId == request.auth.uid);\n    }\n\n    match /ServicosRejeitados/{prestadorId}/ServicoStatus/{servicoId} {\n      allow read, create, update, delete: if isOwner(prestadorId) || isAdmin();\n    }\n\n    match /SolicitacoesArea/{requestId} {\n      allow read: if isAdmin()\n        || (signedIn() && resource.data.clienteId == request.auth.uid)\n        || areaParticipant(resource.data);\n\n      allow create: if signedIn() && request.resource.data.clienteId == request.auth.uid;\n\n      allow update: if isAdmin()\n        || (signedIn() && resource.data.clienteId == request.auth.uid)\n        || areaParticipant(resource.data);\n\n      allow delete: if isAdmin()\n        || (signedIn() && resource.data.clienteId == request.auth.uid);\n    }\n\n    match /SolicitacoesMensalidade/{requestId} {\n      allow read: if isAdmin()\n        || (signedIn() && resource.data.uid == request.auth.uid);\n\n      allow create: if signedIn()\n        && request.resource.data.uid == request.auth.uid\n        && request.resource.data.status == 'pendente';\n\n      allow update, delete: if isAdmin();\n    }\n\n    match /Chats/{chatId} {\n      allow read, update, delete: if participantIn(resource.data) || isAdmin();\n      allow create: if participantIn(request.resource.data) || isAdmin();\n\n      match /Messages/{messageId} {\n        allow read: if isAdmin()\n          || participantIn(get(/databases/$(database)/documents/Chats/$(chatId)).data);\n\n        allow create: if signedIn()\n          && request.resource.data.senderId == request.auth.uid\n          && (\n            isAdmin()\n            || participantIn(getAfter(/databases/$(database)/documents/Chats/$(chatId)).data)\n          );\n\n        allow update, delete: if false;\n      }\n    }\n\n    match /MercadoPagoWebhooks/{webhookId} {\n      allow read, write: if false;\n    }\n\n    match /{document=**} {\n      allow read, write: if false;\n    }\n  }\n}\n","name":"firestore.rules"}]},"createTime":"2026-06-09T04:03:08.399775Z","metadata":{"services":["cloud.firestore"]}}
[debug] [2026-06-09T04:03:08.520Z] [rules] created ruleset projects/info-650fe/rulesets/05a32b1b-ba05-4bc1-b5d5-9b743e4c7d37
[debug] [2026-06-09T04:03:08.521Z] [rules] releasing cloud.firestore with ruleset projects/info-650fe/rulesets/05a32b1b-ba05-4bc1-b5d5-9b743e4c7d37
[debug] [2026-06-09T04:03:08.521Z] Checked if tokens are valid: true, expires at: 1780980330819
[debug] [2026-06-09T04:03:08.522Z] Checked if tokens are valid: true, expires at: 1780980330819
[debug] [2026-06-09T04:03:08.522Z] >>> [apiv2][query] PATCH https://firebaserules.googleapis.com/v1/projects/info-650fe/releases/cloud.firestore [none]
[debug] [2026-06-09T04:03:08.522Z] >>> [apiv2][body] PATCH https://firebaserules.googleapis.com/v1/projects/info-650fe/releases/cloud.firestore {"release":{"name":"projects/info-650fe/releases/cloud.firestore","rulesetName":"projects/info-650fe/rulesets/05a32b1b-ba05-4bc1-b5d5-9b743e4c7d37"}}
[debug] [2026-06-09T04:03:09.904Z] <<< [apiv2][status] PATCH https://firebaserules.googleapis.com/v1/projects/info-650fe/releases/cloud.firestore 200
[debug] [2026-06-09T04:03:09.904Z] <<< [apiv2][body] PATCH https://firebaserules.googleapis.com/v1/projects/info-650fe/releases/cloud.firestore {"name":"projects/info-650fe/releases/cloud.firestore","rulesetName":"projects/info-650fe/rulesets/05a32b1b-ba05-4bc1-b5d5-9b743e4c7d37","createTime":"2025-09-18T19:47:32.071496Z","updateTime":"2026-06-09T04:03:09.781981Z"}
[debug] [2026-06-09T04:03:09.904Z] [rules] updated release projects/info-650fe/releases/cloud.firestore
[info] +  firestore: released rules firestore.rules to cloud.firestore 
[info] 
[info] +  Deploy complete! 
[info] 
[info] Project Console: https://console.firebase.google.com/project/info-650fe/overview
[debug] [2026-06-22T13:53:33.519Z] ----------------------------------------------------------------------
[debug] [2026-06-22T13:53:33.522Z] Command:       C:\Program Files\nodejs\node.exe C:\Users\Usuário\AppData\Local\npm-cache\_npx\7750544ccf494d8b\node_modules\firebase-tools\lib\bin\firebase.js deploy --only firestore:rules --project info-650fe
[debug] [2026-06-22T13:53:33.522Z] CLI Version:   15.22.0
[debug] [2026-06-22T13:53:33.522Z] Platform:      win32
[debug] [2026-06-22T13:53:33.523Z] Node Version:  v24.14.0
[debug] [2026-06-22T13:53:33.523Z] Detected Agent: codex_cli
[debug] [2026-06-22T13:53:33.523Z] Time:          Mon Jun 22 2026 10:53:33 GMT-0300 (Horário Padrão de Brasília)
[debug] [2026-06-22T13:53:33.523Z] ----------------------------------------------------------------------
[debug] 
[debug] [2026-06-22T13:53:33.526Z] >>> [apiv2][query] GET https://firebase-public.firebaseio.com/cli.json [none]
[debug] [2026-06-22T13:53:37.788Z] > command requires scopes: ["email","openid","https://www.googleapis.com/auth/cloudplatformprojects.readonly","https://www.googleapis.com/auth/firebase","https://www.googleapis.com/auth/cloud-platform"]
[debug] [2026-06-22T13:53:37.789Z] > authorizing via signed-in user (mig180506@gmail.com)
[debug] [2026-06-22T13:53:37.789Z] [iam] checking project info-650fe for permissions ["datastore.indexes.create","datastore.indexes.delete","datastore.indexes.list","datastore.indexes.update","firebase.projects.get"]
[debug] [2026-06-22T13:53:37.791Z] Checked if tokens are valid: false, expires at: 1780980330819
[debug] [2026-06-22T13:53:37.791Z] Checked if tokens are valid: false, expires at: 1780980330819
[debug] [2026-06-22T13:53:37.791Z] > refreshing access token with scopes: []
[debug] [2026-06-22T13:53:37.793Z] >>> [apiv2][query] POST https://www.googleapis.com/oauth2/v3/token [none]
[debug] [2026-06-22T13:53:37.793Z] >>> [apiv2][body] POST https://www.googleapis.com/oauth2/v3/token [omitted]
[debug] [2026-06-22T13:53:38.169Z] <<< [apiv2][status] POST https://www.googleapis.com/oauth2/v3/token 200
[debug] [2026-06-22T13:53:38.170Z] <<< [apiv2][body] POST https://www.googleapis.com/oauth2/v3/token [omitted]
[debug] [2026-06-22T13:53:38.190Z] >>> [apiv2][query] POST https://cloudresourcemanager.googleapis.com/v1/projects/info-650fe:testIamPermissions [none]
[debug] [2026-06-22T13:53:38.190Z] >>> [apiv2][(partial)header] POST https://cloudresourcemanager.googleapis.com/v1/projects/info-650fe:testIamPermissions  x-goog-user-project=info-650fe
[debug] [2026-06-22T13:53:38.190Z] >>> [apiv2][body] POST https://cloudresourcemanager.googleapis.com/v1/projects/info-650fe:testIamPermissions {"permissions":["datastore.indexes.create","datastore.indexes.delete","datastore.indexes.list","datastore.indexes.update","firebase.projects.get"]}
[debug] [2026-06-22T13:53:38.287Z] <<< [apiv2][status] GET https://firebase-public.firebaseio.com/cli.json 200
[debug] [2026-06-22T13:53:38.287Z] <<< [apiv2][body] GET https://firebase-public.firebaseio.com/cli.json {"cloudBuildErrorAfter":1594252800000,"cloudBuildWarnAfter":1590019200000,"defaultNode10After":1594252800000,"minVersion":"3.0.5","node8DeploysDisabledAfter":1613390400000,"node8RuntimeDisabledAfter":1615809600000,"node8WarnAfter":1600128000000}
[debug] [2026-06-22T13:53:39.322Z] <<< [apiv2][status] POST https://cloudresourcemanager.googleapis.com/v1/projects/info-650fe:testIamPermissions 200
[debug] [2026-06-22T13:53:39.322Z] <<< [apiv2][body] POST https://cloudresourcemanager.googleapis.com/v1/projects/info-650fe:testIamPermissions {"permissions":["datastore.indexes.create","datastore.indexes.delete","datastore.indexes.list","datastore.indexes.update","firebase.projects.get"]}
[info] 
[info] === Deploying to 'info-650fe'...
[info] 
[info] i  deploying firestore 
[info] i  firestore: ensuring required API firestore.googleapis.com is enabled... 
[info] i  firestore: ensuring required API firestore.googleapis.com is enabled... 
[debug] [2026-06-22T13:53:39.329Z] Checked if tokens are valid: true, expires at: 1782140017170
[debug] [2026-06-22T13:53:39.329Z] Checked if tokens are valid: true, expires at: 1782140017170
[debug] [2026-06-22T13:53:39.329Z] >>> [apiv2][query] GET https://firestore.googleapis.com/v1/projects/info-650fe/databases/(default) [none]
[debug] [2026-06-22T13:53:40.505Z] <<< [apiv2][status] GET https://firestore.googleapis.com/v1/projects/info-650fe/databases/(default) 200
[debug] [2026-06-22T13:53:40.505Z] <<< [apiv2][body] GET https://firestore.googleapis.com/v1/projects/info-650fe/databases/(default) {"name":"projects/info-650fe/databases/(default)","uid":"a3e74f01-2017-440c-bdb8-b56f294909fc","createTime":"2025-09-18T19:47:27.097957Z","updateTime":"2025-09-18T19:47:27.097957Z","locationId":"nam5","type":"FIRESTORE_NATIVE","concurrencyMode":"PESSIMISTIC","versionRetentionPeriod":"3600s","earliestVersionTime":"2026-06-22T12:53:40.463217Z","appEngineIntegrationMode":"DISABLED","keyPrefix":"s","pointInTimeRecoveryEnablement":"POINT_IN_TIME_RECOVERY_DISABLED","deleteProtectionState":"DELETE_PROTECTION_DISABLED","databaseEdition":"STANDARD","freeTier":true,"realtimeUpdatesMode":"REALTIME_UPDATES_MODE_ENABLED","etag":"IIXhocL/mpUDMMHHkKC15pID"}
[info] i  cloud.firestore: checking firestore.rules for compilation errors... 
[debug] [2026-06-22T13:53:40.507Z] Checked if tokens are valid: true, expires at: 1782140017170
[debug] [2026-06-22T13:53:40.507Z] Checked if tokens are valid: true, expires at: 1782140017170
[debug] [2026-06-22T13:53:40.508Z] >>> [apiv2][query] POST https://firebaserules.googleapis.com/v1/projects/info-650fe:test [none]
[debug] [2026-06-22T13:53:40.508Z] >>> [apiv2][body] POST https://firebaserules.googleapis.com/v1/projects/info-650fe:test [omitted]
[debug] [2026-06-22T13:53:41.429Z] <<< [apiv2][status] POST https://firebaserules.googleapis.com/v1/projects/info-650fe:test 200
[debug] [2026-06-22T13:53:41.429Z] <<< [apiv2][body] POST https://firebaserules.googleapis.com/v1/projects/info-650fe:test {}
[info] +  cloud.firestore: rules file firestore.rules compiled successfully 
[debug] [2026-06-22T13:53:41.430Z] Checked if tokens are valid: true, expires at: 1782140017170
[debug] [2026-06-22T13:53:41.430Z] Checked if tokens are valid: true, expires at: 1782140017170
[debug] [2026-06-22T13:53:41.430Z] >>> [apiv2][query] GET https://firebaserules.googleapis.com/v1/projects/info-650fe/releases pageSize=10&pageToken=
[debug] [2026-06-22T13:53:42.544Z] <<< [apiv2][status] GET https://firebaserules.googleapis.com/v1/projects/info-650fe/releases 200
[debug] [2026-06-22T13:53:42.544Z] <<< [apiv2][body] GET https://firebaserules.googleapis.com/v1/projects/info-650fe/releases {"releases":[{"name":"projects/info-650fe/releases/cloud.firestore","rulesetName":"projects/info-650fe/rulesets/05a32b1b-ba05-4bc1-b5d5-9b743e4c7d37","createTime":"2025-09-18T19:47:32.071496Z","updateTime":"2026-06-09T04:03:09.781981Z"}]}
[debug] [2026-06-22T13:53:42.544Z] Checked if tokens are valid: true, expires at: 1782140017170
[debug] [2026-06-22T13:53:42.544Z] Checked if tokens are valid: true, expires at: 1782140017170
[debug] [2026-06-22T13:53:42.545Z] >>> [apiv2][query] GET https://firebaserules.googleapis.com/v1/projects/info-650fe/rulesets/05a32b1b-ba05-4bc1-b5d5-9b743e4c7d37 [none]
[debug] [2026-06-22T13:53:43.705Z] <<< [apiv2][status] GET https://firebaserules.googleapis.com/v1/projects/info-650fe/rulesets/05a32b1b-ba05-4bc1-b5d5-9b743e4c7d37 200
[debug] [2026-06-22T13:53:43.705Z] <<< [apiv2][body] GET https://firebaserules.googleapis.com/v1/projects/info-650fe/rulesets/05a32b1b-ba05-4bc1-b5d5-9b743e4c7d37 [omitted]
[info] i  firestore: uploading rules firestore.rules... 
[debug] [2026-06-22T13:53:43.706Z] Checked if tokens are valid: true, expires at: 1782140017170
[debug] [2026-06-22T13:53:43.706Z] Checked if tokens are valid: true, expires at: 1782140017170
[debug] [2026-06-22T13:53:43.706Z] >>> [apiv2][query] POST https://firebaserules.googleapis.com/v1/projects/info-650fe/rulesets [none]
[debug] [2026-06-22T13:53:43.706Z] >>> [apiv2][body] POST https://firebaserules.googleapis.com/v1/projects/info-650fe/rulesets [omitted]
[debug] [2026-06-22T13:53:44.402Z] <<< [apiv2][status] POST https://firebaserules.googleapis.com/v1/projects/info-650fe/rulesets 200
[debug] [2026-06-22T13:53:44.402Z] <<< [apiv2][body] POST https://firebaserules.googleapis.com/v1/projects/info-650fe/rulesets {"name":"projects/info-650fe/rulesets/048bcdae-5fd7-4fea-823f-1fac0b402dfb","source":{"files":[{"content":"rules_version = '2';\r\nservice cloud.firestore {\r\n  match /databases/{database}/documents {\r\n    function signedIn() {\r\n      return request.auth != null;\r\n    }\r\n\r\n    function isOwner(uid) {\r\n      return signedIn() && request.auth.uid == uid;\r\n    }\r\n\r\n    function isAdmin() {\r\n      return signedIn()\r\n        && exists(/databases/$(database)/documents/Usuario/$(request.auth.uid))\r\n        && (\r\n          get(/databases/$(database)/documents/Usuario/$(request.auth.uid)).data.admin == true\r\n          || get(/databases/$(database)/documents/Usuario/$(request.auth.uid)).data.tipo == 'admin'\r\n        );\r\n    }\r\n\r\n    function activePrestador(uid) {\r\n      return exists(/databases/$(database)/documents/Usuario/$(uid))\r\n        && get(/databases/$(database)/documents/Usuario/$(uid)).data.tipo == 'prestador'\r\n        && get(/databases/$(database)/documents/Usuario/$(uid)).data.contaAtiva == true\r\n        && get(/databases/$(database)/documents/Usuario/$(uid)).data.assinaturaAtiva != false;\r\n    }\r\n\r\n    function touchesBillingFields() {\r\n      return request.resource.data.diff(resource.data).changedKeys().hasAny([\r\n        'assinaturaAtiva',\r\n        'contaAtiva',\r\n        'dataCadastro',\r\n        'dataVencimento',\r\n        'ultimoPagamento',\r\n        'statusPagamento',\r\n        'valorMensalidade',\r\n        'bloqueadoEm',\r\n        'motivoBloqueio'\r\n      ]);\r\n    }\r\n\r\n    function participantIn(data) {\r\n      return signedIn()\r\n        && data.participants is list\r\n        && request.auth.uid in data.participants;\r\n    }\r\n\r\n    function areaParticipant(data) {\r\n      return signedIn()\r\n        && data.prestadoresIds is list\r\n        && request.auth.uid in data.prestadoresIds;\r\n    }\r\n\r\n    match /Usuario/{uid} {\r\n      allow create: if isOwner(uid)\r\n        && request.resource.data.tipo in ['prestador', 'contratante']\r\n        && (\r\n          !request.resource.data.keys().hasAny(['admin'])\r\n          || request.resource.data.admin == false\r\n        );\r\n\r\n      allow read: if isOwner(uid)\r\n        || isAdmin()\r\n        || (\r\n          resource.data.tipo == 'prestador'\r\n          && resource.data.contaAtiva == true\r\n          && resource.data.assinaturaAtiva != false\r\n        )\r\n        || (signedIn() && resource.data.tipo == 'contratante');\r\n\r\n      allow update: if isAdmin()\r\n        || (\r\n          isOwner(uid)\r\n          && !touchesBillingFields()\r\n          && !request.resource.data.diff(resource.data).changedKeys().hasAny(['admin', 'tipo'])\r\n        );\r\n\r\n      allow delete: if isOwner(uid) || isAdmin();\r\n\r\n      match /Mensalidades/{periodKey} {\r\n        allow read: if isOwner(uid) || isAdmin();\r\n        allow create, update, delete: if false;\r\n      }\r\n\r\n      match /Notificacoes/{notifId} {\r\n        allow read: if isOwner(uid) || isAdmin();\r\n        allow create, delete: if isAdmin();\r\n        allow update: if isAdmin()\r\n          || (\r\n            isOwner(uid)\r\n            && request.resource.data.diff(resource.data).changedKeys().hasOnly(['lida'])\r\n          );\r\n      }\r\n\r\n      match /Serv/{servId} {\r\n        allow read: if signedIn() && (isOwner(uid) || activePrestador(uid) || isAdmin());\r\n        allow create, update, delete: if isOwner(uid) || isAdmin();\r\n      }\r\n\r\n      match /Posts/{postId} {\r\n        allow read: if signedIn() && (isOwner(uid) || activePrestador(uid) || isAdmin());\r\n        allow create, update, delete: if isOwner(uid) || isAdmin();\r\n      }\r\n    }\r\n\r\n    match /ServicosAdds/{uid}/ServicosOferecidos/{servicoId} {\r\n      allow read: if signedIn() && (isOwner(uid) || activePrestador(uid) || isAdmin());\r\n      allow create, update, delete: if isOwner(uid) || isAdmin();\r\n    }\r\n\r\n    match /ServicosAgendados/{prestadorId}/ServicoStatus/{servicoId} {\r\n      allow read: if isAdmin()\r\n        || isOwner(prestadorId)\r\n        || (signedIn() && resource.data.clienteId == request.auth.uid);\r\n\r\n      allow create: if isAdmin()\r\n        || isOwner(prestadorId)\r\n        || (signedIn() && request.resource.data.clienteId == request.auth.uid);\r\n\r\n      allow update: if isAdmin()\r\n        || isOwner(prestadorId)\r\n        || (signedIn() && resource.data.clienteId == request.auth.uid)\r\n        || (signedIn() && request.resource.data.clienteId == request.auth.uid);\r\n\r\n      allow delete: if isAdmin()\r\n        || isOwner(prestadorId)\r\n        || (signedIn() && resource.data.clienteId == request.auth.uid);\r\n    }\r\n\r\n    match /ServicosClientes/{clienteId}/ServicoStatus/{servicoId} {\r\n      allow read: if isAdmin()\r\n        || isOwner(clienteId)\r\n        || (signedIn() && resource.data.clienteId == request.auth.uid)\r\n        || (signedIn() && resource.data.prestadorId == request.auth.uid);\r\n\r\n      allow create: if isAdmin()\r\n        || isOwner(clienteId)\r\n        || (signedIn() && request.resource.data.prestadorId == request.auth.uid);\r\n\r\n      allow update: if isAdmin()\r\n        || isOwner(clienteId)\r\n        || (signedIn() && resource.data.prestadorId == request.auth.uid)\r\n        || (signedIn() && request.resource.data.prestadorId == request.auth.uid);\r\n\r\n      allow delete: if isAdmin()\r\n        || isOwner(clienteId)\r\n        || (signedIn() && resource.data.prestadorId == request.auth.uid);\r\n    }\r\n\r\n    match /ServicosRejeitados/{prestadorId}/ServicoStatus/{servicoId} {\r\n      allow read, create, update, delete: if isOwner(prestadorId) || isAdmin();\r\n    }\r\n\r\n    match /SolicitacoesArea/{requestId} {\r\n      allow read: if isAdmin()\r\n        || (signedIn() && resource.data.clienteId == request.auth.uid)\r\n        || areaParticipant(resource.data);\r\n\r\n      allow create: if signedIn() && request.resource.data.clienteId == request.auth.uid;\r\n\r\n      allow update: if isAdmin()\r\n        || (signedIn() && resource.data.clienteId == request.auth.uid)\r\n        || areaParticipant(resource.data);\r\n\r\n      allow delete: if isAdmin()\r\n        || (signedIn() && resource.data.clienteId == request.auth.uid);\r\n    }\r\n\r\n    match /SolicitacoesMensalidade/{requestId} {\n      allow read: if isAdmin()\r\n        || (signedIn() && resource.data.uid == request.auth.uid);\r\n\r\n      allow create: if signedIn()\r\n        && request.resource.data.uid == request.auth.uid\r\n        && request.resource.data.status == 'pendente';\r\n\r\n      allow update, delete: if isAdmin();\n    }\n\n    match /ProblemasServicos/{problemaId} {\n      allow read: if isAdmin()\n        || (signedIn() && resource.data.clienteId == request.auth.uid)\n        || (signedIn() && resource.data.prestadorId == request.auth.uid);\n\n      allow create: if signedIn()\n        && request.resource.data.relatorId == request.auth.uid\n        && (\n          request.resource.data.clienteId == request.auth.uid\n          || request.resource.data.prestadorId == request.auth.uid\n        )\n        && request.resource.data.status == 'pendente';\n\n      allow update: if isAdmin()\n        || (\n          signedIn()\n          && resource.data.relatorId == request.auth.uid\n          && request.resource.data.relatorId == resource.data.relatorId\n          && request.resource.data.clienteId == resource.data.clienteId\n          && request.resource.data.prestadorId == resource.data.prestadorId\n          && request.resource.data.status == 'pendente'\n          && request.resource.data.diff(resource.data).changedKeys().hasOnly(['descricao', 'criadoEm'])\n        );\n      allow delete: if isAdmin();\n    }\n\r\n    match /Chats/{chatId} {\r\n      allow read, update, delete: if participantIn(resource.data) || isAdmin();\r\n      allow create: if participantIn(request.resource.data) || isAdmin();\r\n\r\n      match /Messages/{messageId} {\r\n        allow read: if isAdmin()\r\n          || participantIn(get(/databases/$(database)/documents/Chats/$(chatId)).data);\r\n\r\n        allow create: if signedIn()\r\n          && request.resource.data.senderId == request.auth.uid\r\n          && (\r\n            isAdmin()\r\n            || participantIn(getAfter(/databases/$(database)/documents/Chats/$(chatId)).data)\r\n          );\r\n\r\n        allow update, delete: if false;\r\n      }\r\n    }\r\n\r\n    match /MercadoPagoWebhooks/{webhookId} {\r\n      allow read, write: if false;\r\n    }\r\n\r\n    match /{document=**} {\r\n      allow read, write: if false;\r\n    }\r\n  }\r\n}\r\n","name":"firestore.rules"}]},"createTime":"2026-06-22T13:53:44.297775Z","metadata":{"services":["cloud.firestore"]}}
[debug] [2026-06-22T13:53:44.402Z] [rules] created ruleset projects/info-650fe/rulesets/048bcdae-5fd7-4fea-823f-1fac0b402dfb
[debug] [2026-06-22T13:53:44.403Z] [rules] releasing cloud.firestore with ruleset projects/info-650fe/rulesets/048bcdae-5fd7-4fea-823f-1fac0b402dfb
[debug] [2026-06-22T13:53:44.404Z] Checked if tokens are valid: true, expires at: 1782140017170
[debug] [2026-06-22T13:53:44.404Z] Checked if tokens are valid: true, expires at: 1782140017170
[debug] [2026-06-22T13:53:44.405Z] >>> [apiv2][query] PATCH https://firebaserules.googleapis.com/v1/projects/info-650fe/releases/cloud.firestore [none]
[debug] [2026-06-22T13:53:44.405Z] >>> [apiv2][body] PATCH https://firebaserules.googleapis.com/v1/projects/info-650fe/releases/cloud.firestore {"release":{"name":"projects/info-650fe/releases/cloud.firestore","rulesetName":"projects/info-650fe/rulesets/048bcdae-5fd7-4fea-823f-1fac0b402dfb"}}
[debug] [2026-06-22T13:53:45.177Z] <<< [apiv2][status] PATCH https://firebaserules.googleapis.com/v1/projects/info-650fe/releases/cloud.firestore 200
[debug] [2026-06-22T13:53:45.178Z] <<< [apiv2][body] PATCH https://firebaserules.googleapis.com/v1/projects/info-650fe/releases/cloud.firestore {"name":"projects/info-650fe/releases/cloud.firestore","rulesetName":"projects/info-650fe/rulesets/048bcdae-5fd7-4fea-823f-1fac0b402dfb","createTime":"2025-09-18T19:47:32.071496Z","updateTime":"2026-06-22T13:53:45.073496Z"}
[debug] [2026-06-22T13:53:45.178Z] [rules] updated release projects/info-650fe/releases/cloud.firestore
[info] +  firestore: released rules firestore.rules to cloud.firestore 
[info] 
[info] +  Deploy complete! 
[info] 
[info] Project Console: https://console.firebase.google.com/project/info-650fe/overview
[debug] [2026-06-22T13:54:12.267Z] ----------------------------------------------------------------------
[debug] [2026-06-22T13:54:12.269Z] Command:       C:\Program Files\nodejs\node.exe C:\Users\Usuário\AppData\Local\npm-cache\_npx\e378e84a5ad1bff6\node_modules\firebase-tools\lib\bin\firebase.js deploy --only firestore:rules --project info-650fe
[debug] [2026-06-22T13:54:12.269Z] CLI Version:   15.19.1
[debug] [2026-06-22T13:54:12.269Z] Platform:      win32
[debug] [2026-06-22T13:54:12.270Z] Node Version:  v24.14.0
[debug] [2026-06-22T13:54:12.270Z] Time:          Mon Jun 22 2026 10:54:12 GMT-0300 (Horário Padrão de Brasília)
[debug] [2026-06-22T13:54:12.270Z] ----------------------------------------------------------------------
[debug] 
[debug] [2026-06-22T13:54:15.586Z] > command requires scopes: ["email","openid","https://www.googleapis.com/auth/cloudplatformprojects.readonly","https://www.googleapis.com/auth/firebase","https://www.googleapis.com/auth/cloud-platform"]
[debug] [2026-06-22T13:54:15.587Z] > authorizing via signed-in user (mig180506@gmail.com)
[debug] [2026-06-22T13:54:15.587Z] [iam] checking project info-650fe for permissions ["datastore.indexes.create","datastore.indexes.delete","datastore.indexes.list","datastore.indexes.update","firebase.projects.get"]
[debug] [2026-06-22T13:54:15.589Z] Checked if tokens are valid: true, expires at: 1782140017170
[debug] [2026-06-22T13:54:15.589Z] Checked if tokens are valid: true, expires at: 1782140017170
[debug] [2026-06-22T13:54:15.590Z] >>> [apiv2][query] POST https://cloudresourcemanager.googleapis.com/v1/projects/info-650fe:testIamPermissions [none]
[debug] [2026-06-22T13:54:15.590Z] >>> [apiv2][(partial)header] POST https://cloudresourcemanager.googleapis.com/v1/projects/info-650fe:testIamPermissions  x-goog-user-project=info-650fe
[debug] [2026-06-22T13:54:15.591Z] >>> [apiv2][body] POST https://cloudresourcemanager.googleapis.com/v1/projects/info-650fe:testIamPermissions {"permissions":["datastore.indexes.create","datastore.indexes.delete","datastore.indexes.list","datastore.indexes.update","firebase.projects.get"]}
[debug] [2026-06-22T13:54:16.599Z] <<< [apiv2][status] POST https://cloudresourcemanager.googleapis.com/v1/projects/info-650fe:testIamPermissions 200
[debug] [2026-06-22T13:54:16.599Z] <<< [apiv2][body] POST https://cloudresourcemanager.googleapis.com/v1/projects/info-650fe:testIamPermissions {"permissions":["datastore.indexes.create","datastore.indexes.delete","datastore.indexes.list","datastore.indexes.update","firebase.projects.get"]}
[info] 
[info] === Deploying to 'info-650fe'...
[info] 
[info] i  deploying firestore 
[info] i  firestore: ensuring required API firestore.googleapis.com is enabled... 
[info] i  firestore: ensuring required API firestore.googleapis.com is enabled... 
[debug] [2026-06-22T13:54:16.605Z] Checked if tokens are valid: true, expires at: 1782140017170
[debug] [2026-06-22T13:54:16.606Z] Checked if tokens are valid: true, expires at: 1782140017170
[debug] [2026-06-22T13:54:16.606Z] >>> [apiv2][query] GET https://firestore.googleapis.com/v1/projects/info-650fe/databases/(default) [none]
[debug] [2026-06-22T13:54:17.709Z] <<< [apiv2][status] GET https://firestore.googleapis.com/v1/projects/info-650fe/databases/(default) 200
[debug] [2026-06-22T13:54:17.709Z] <<< [apiv2][body] GET https://firestore.googleapis.com/v1/projects/info-650fe/databases/(default) {"name":"projects/info-650fe/databases/(default)","uid":"a3e74f01-2017-440c-bdb8-b56f294909fc","createTime":"2025-09-18T19:47:27.097957Z","updateTime":"2025-09-18T19:47:27.097957Z","locationId":"nam5","type":"FIRESTORE_NATIVE","concurrencyMode":"PESSIMISTIC","versionRetentionPeriod":"3600s","earliestVersionTime":"2026-06-22T12:54:17.664796Z","appEngineIntegrationMode":"DISABLED","keyPrefix":"s","pointInTimeRecoveryEnablement":"POINT_IN_TIME_RECOVERY_DISABLED","deleteProtectionState":"DELETE_PROTECTION_DISABLED","databaseEdition":"STANDARD","freeTier":true,"realtimeUpdatesMode":"REALTIME_UPDATES_MODE_ENABLED","etag":"INOugNT/mpUDMMHHkKC15pID"}
[info] i  cloud.firestore: checking firestore.rules for compilation errors... 
[debug] [2026-06-22T13:54:17.712Z] Checked if tokens are valid: true, expires at: 1782140017170
[debug] [2026-06-22T13:54:17.712Z] Checked if tokens are valid: true, expires at: 1782140017170
[debug] [2026-06-22T13:54:17.712Z] >>> [apiv2][query] POST https://firebaserules.googleapis.com/v1/projects/info-650fe:test [none]
[debug] [2026-06-22T13:54:17.713Z] >>> [apiv2][body] POST https://firebaserules.googleapis.com/v1/projects/info-650fe:test [omitted]
[debug] [2026-06-22T13:54:19.126Z] <<< [apiv2][status] POST https://firebaserules.googleapis.com/v1/projects/info-650fe:test 200
[debug] [2026-06-22T13:54:19.126Z] <<< [apiv2][body] POST https://firebaserules.googleapis.com/v1/projects/info-650fe:test {}
[info] +  cloud.firestore: rules file firestore.rules compiled successfully 
[debug] [2026-06-22T13:54:19.127Z] Checked if tokens are valid: true, expires at: 1782140017170
[debug] [2026-06-22T13:54:19.127Z] Checked if tokens are valid: true, expires at: 1782140017170
[debug] [2026-06-22T13:54:19.127Z] >>> [apiv2][query] GET https://firebaserules.googleapis.com/v1/projects/info-650fe/releases pageSize=10&pageToken=
[debug] [2026-06-22T13:54:19.588Z] <<< [apiv2][status] GET https://firebaserules.googleapis.com/v1/projects/info-650fe/releases 200
[debug] [2026-06-22T13:54:19.588Z] <<< [apiv2][body] GET https://firebaserules.googleapis.com/v1/projects/info-650fe/releases {"releases":[{"name":"projects/info-650fe/releases/cloud.firestore","rulesetName":"projects/info-650fe/rulesets/048bcdae-5fd7-4fea-823f-1fac0b402dfb","createTime":"2025-09-18T19:47:32.071496Z","updateTime":"2026-06-22T13:53:45.073496Z"}]}
[debug] [2026-06-22T13:54:19.589Z] Checked if tokens are valid: true, expires at: 1782140017170
[debug] [2026-06-22T13:54:19.589Z] Checked if tokens are valid: true, expires at: 1782140017170
[debug] [2026-06-22T13:54:19.590Z] >>> [apiv2][query] GET https://firebaserules.googleapis.com/v1/projects/info-650fe/rulesets/048bcdae-5fd7-4fea-823f-1fac0b402dfb [none]
[debug] [2026-06-22T13:54:20.784Z] <<< [apiv2][status] GET https://firebaserules.googleapis.com/v1/projects/info-650fe/rulesets/048bcdae-5fd7-4fea-823f-1fac0b402dfb 200
[debug] [2026-06-22T13:54:20.784Z] <<< [apiv2][body] GET https://firebaserules.googleapis.com/v1/projects/info-650fe/rulesets/048bcdae-5fd7-4fea-823f-1fac0b402dfb [omitted]
[info] i  firestore: latest version of firestore.rules already up to date, skipping upload... 
[debug] [2026-06-22T13:54:20.787Z] [rules] releasing cloud.firestore with ruleset projects/info-650fe/rulesets/048bcdae-5fd7-4fea-823f-1fac0b402dfb
[debug] [2026-06-22T13:54:20.788Z] Checked if tokens are valid: true, expires at: 1782140017170
[debug] [2026-06-22T13:54:20.788Z] Checked if tokens are valid: true, expires at: 1782140017170
[debug] [2026-06-22T13:54:20.788Z] >>> [apiv2][query] PATCH https://firebaserules.googleapis.com/v1/projects/info-650fe/releases/cloud.firestore [none]
[debug] [2026-06-22T13:54:20.788Z] >>> [apiv2][body] PATCH https://firebaserules.googleapis.com/v1/projects/info-650fe/releases/cloud.firestore {"release":{"name":"projects/info-650fe/releases/cloud.firestore","rulesetName":"projects/info-650fe/rulesets/048bcdae-5fd7-4fea-823f-1fac0b402dfb"}}
[debug] [2026-06-22T13:54:21.370Z] <<< [apiv2][status] PATCH https://firebaserules.googleapis.com/v1/projects/info-650fe/releases/cloud.firestore 200
[debug] [2026-06-22T13:54:21.370Z] <<< [apiv2][body] PATCH https://firebaserules.googleapis.com/v1/projects/info-650fe/releases/cloud.firestore {"name":"projects/info-650fe/releases/cloud.firestore","rulesetName":"projects/info-650fe/rulesets/048bcdae-5fd7-4fea-823f-1fac0b402dfb","createTime":"2025-09-18T19:47:32.071496Z","updateTime":"2026-06-22T13:54:21.253210Z"}
[debug] [2026-06-22T13:54:21.370Z] [rules] updated release projects/info-650fe/releases/cloud.firestore
[info] +  firestore: released rules firestore.rules to cloud.firestore 
[info] 
[info] +  Deploy complete! 
[info] 
[info] Project Console: https://console.firebase.google.com/project/info-650fe/overview
[debug] [2026-07-03T23:22:45.918Z] ----------------------------------------------------------------------
[debug] [2026-07-03T23:22:45.920Z] Command:       C:\Program Files\nodejs\node.exe C:\Users\Usuário\Downloads\TCC_2026-4\TCC_2026-4\node_modules\firebase-tools\lib\bin\firebase.js login:list
[debug] [2026-07-03T23:22:45.921Z] CLI Version:   15.22.4
[debug] [2026-07-03T23:22:45.921Z] Platform:      win32
[debug] [2026-07-03T23:22:45.921Z] Node Version:  v24.18.0
[debug] [2026-07-03T23:22:45.921Z] Detected Agent: codex_cli
[debug] [2026-07-03T23:22:45.921Z] Time:          Fri Jul 03 2026 20:22:45 GMT-0300 (Horário Padrão de Brasília)
[debug] [2026-07-03T23:22:45.921Z] ----------------------------------------------------------------------
[debug] 
[debug] [2026-07-03T23:22:45.924Z] >>> [apiv2][query] GET https://firebase-public.firebaseio.com/cli.json [none]
[info] Logged in as mig180506@gmail.com
[debug] [2026-07-03T23:23:33.172Z] ----------------------------------------------------------------------
[debug] [2026-07-03T23:23:33.174Z] Command:       C:\Program Files\nodejs\node.exe C:\Users\Usuário\Downloads\TCC_2026-4\TCC_2026-4\node_modules\firebase-tools\lib\bin\firebase.js deploy --only functions,firestore:rules,storage --project info-650fe --non-interactive
[debug] [2026-07-03T23:23:33.174Z] CLI Version:   15.22.4
[debug] [2026-07-03T23:23:33.174Z] Platform:      win32
[debug] [2026-07-03T23:23:33.175Z] Node Version:  v24.18.0
[debug] [2026-07-03T23:23:33.175Z] Detected Agent: codex_cli
[debug] [2026-07-03T23:23:33.175Z] Time:          Fri Jul 03 2026 20:23:33 GMT-0300 (Horário Padrão de Brasília)
[debug] [2026-07-03T23:23:33.175Z] ----------------------------------------------------------------------
[debug] 
[debug] [2026-07-03T23:23:33.177Z] >>> [apiv2][query] GET https://firebase-public.firebaseio.com/cli.json [none]
[debug] [2026-07-03T23:23:36.594Z] > command requires scopes: ["email","openid","https://www.googleapis.com/auth/cloudplatformprojects.readonly","https://www.googleapis.com/auth/firebase","https://www.googleapis.com/auth/cloud-platform"]
[debug] [2026-07-03T23:23:36.595Z] > authorizing via signed-in user (mig180506@gmail.com)
[debug] [2026-07-03T23:23:36.595Z] [iam] checking project info-650fe for permissions ["cloudfunctions.functions.create","cloudfunctions.functions.delete","cloudfunctions.functions.get","cloudfunctions.functions.list","cloudfunctions.functions.update","cloudfunctions.operations.get","datastore.indexes.create","datastore.indexes.delete","datastore.indexes.list","datastore.indexes.update","firebase.projects.get","firebaserules.releases.create","firebaserules.releases.update","firebaserules.rulesets.create"]
[debug] [2026-07-03T23:23:36.596Z] Checked if tokens are valid: false, expires at: 1782789320816
[debug] [2026-07-03T23:23:36.597Z] Checked if tokens are valid: false, expires at: 1782789320816
[debug] [2026-07-03T23:23:36.597Z] > refreshing access token with scopes: []
[debug] [2026-07-03T23:23:36.599Z] >>> [apiv2][query] POST https://www.googleapis.com/oauth2/v3/token [none]
[debug] [2026-07-03T23:23:36.599Z] >>> [apiv2][body] POST https://www.googleapis.com/oauth2/v3/token [omitted]
[debug] [2026-07-03T23:23:36.942Z] <<< [apiv2][status] POST https://www.googleapis.com/oauth2/v3/token 200
[debug] [2026-07-03T23:23:36.942Z] <<< [apiv2][body] POST https://www.googleapis.com/oauth2/v3/token [omitted]
[debug] [2026-07-03T23:23:36.957Z] >>> [apiv2][query] POST https://cloudresourcemanager.googleapis.com/v1/projects/info-650fe:testIamPermissions [none]
[debug] [2026-07-03T23:23:36.957Z] >>> [apiv2][(partial)header] POST https://cloudresourcemanager.googleapis.com/v1/projects/info-650fe:testIamPermissions  x-goog-user-project=info-650fe
[debug] [2026-07-03T23:23:36.957Z] >>> [apiv2][body] POST https://cloudresourcemanager.googleapis.com/v1/projects/info-650fe:testIamPermissions {"permissions":["cloudfunctions.functions.create","cloudfunctions.functions.delete","cloudfunctions.functions.get","cloudfunctions.functions.list","cloudfunctions.functions.update","cloudfunctions.operations.get","datastore.indexes.create","datastore.indexes.delete","datastore.indexes.list","datastore.indexes.update","firebase.projects.get","firebaserules.releases.create","firebaserules.releases.update","firebaserules.rulesets.create"]}
[debug] [2026-07-03T23:23:37.063Z] <<< [apiv2][status] GET https://firebase-public.firebaseio.com/cli.json 200
[debug] [2026-07-03T23:23:37.063Z] <<< [apiv2][body] GET https://firebase-public.firebaseio.com/cli.json {"cloudBuildErrorAfter":1594252800000,"cloudBuildWarnAfter":1590019200000,"defaultNode10After":1594252800000,"minVersion":"3.0.5","node8DeploysDisabledAfter":1613390400000,"node8RuntimeDisabledAfter":1615809600000,"node8WarnAfter":1600128000000}
[debug] [2026-07-03T23:23:38.091Z] <<< [apiv2][status] POST https://cloudresourcemanager.googleapis.com/v1/projects/info-650fe:testIamPermissions 200
[debug] [2026-07-03T23:23:38.091Z] <<< [apiv2][body] POST https://cloudresourcemanager.googleapis.com/v1/projects/info-650fe:testIamPermissions {"permissions":["cloudfunctions.functions.create","cloudfunctions.functions.delete","cloudfunctions.functions.get","cloudfunctions.functions.list","cloudfunctions.functions.update","cloudfunctions.operations.get","datastore.indexes.create","datastore.indexes.delete","datastore.indexes.list","datastore.indexes.update","firebase.projects.get","firebaserules.releases.create","firebaserules.releases.update","firebaserules.rulesets.create"]}
[debug] [2026-07-03T23:23:38.091Z] Checked if tokens are valid: true, expires at: 1783124615943
[debug] [2026-07-03T23:23:38.092Z] Checked if tokens are valid: true, expires at: 1783124615943
[debug] [2026-07-03T23:23:38.092Z] >>> [apiv2][query] POST https://iam.googleapis.com/v1/projects/info-650fe/serviceAccounts/info-650fe@appspot.gserviceaccount.com:testIamPermissions [none]
[debug] [2026-07-03T23:23:38.092Z] >>> [apiv2][body] POST https://iam.googleapis.com/v1/projects/info-650fe/serviceAccounts/info-650fe@appspot.gserviceaccount.com:testIamPermissions {"permissions":["iam.serviceAccounts.actAs"]}
[debug] [2026-07-03T23:23:39.213Z] <<< [apiv2][status] POST https://iam.googleapis.com/v1/projects/info-650fe/serviceAccounts/info-650fe@appspot.gserviceaccount.com:testIamPermissions 200
[debug] [2026-07-03T23:23:39.213Z] <<< [apiv2][body] POST https://iam.googleapis.com/v1/projects/info-650fe/serviceAccounts/info-650fe@appspot.gserviceaccount.com:testIamPermissions {"permissions":["iam.serviceAccounts.actAs"]}
[info] 
[info] === Deploying to 'info-650fe'...
[info] 
[info] i  deploying storage, firestore, functions 
[info] i  storage: ensuring required API firebasestorage.googleapis.com is enabled... 
[debug] [2026-07-03T23:23:39.218Z] Checked if tokens are valid: true, expires at: 1783124615943
[debug] [2026-07-03T23:23:39.218Z] Checked if tokens are valid: true, expires at: 1783124615943
[debug] [2026-07-03T23:23:39.218Z] >>> [apiv2][query] GET https://serviceusage.googleapis.com/v1/projects/info-650fe/services/firebasestorage.googleapis.com [none]
[debug] [2026-07-03T23:23:39.218Z] >>> [apiv2][(partial)header] GET https://serviceusage.googleapis.com/v1/projects/info-650fe/services/firebasestorage.googleapis.com  x-goog-user-project=info-650fe
[debug] [2026-07-03T23:23:40.575Z] <<< [apiv2][status] GET https://serviceusage.googleapis.com/v1/projects/info-650fe/services/firebasestorage.googleapis.com 200
[debug] [2026-07-03T23:23:40.576Z] <<< [apiv2][body] GET https://serviceusage.googleapis.com/v1/projects/info-650fe/services/firebasestorage.googleapis.com [omitted]
[warn] !  storage: missing required API firebasestorage.googleapis.com. Enabling now... 
[debug] [2026-07-03T23:23:40.577Z] Checked if tokens are valid: true, expires at: 1783124615943
[debug] [2026-07-03T23:23:40.577Z] Checked if tokens are valid: true, expires at: 1783124615943
[debug] [2026-07-03T23:23:40.577Z] >>> [apiv2][query] POST https://serviceusage.googleapis.com/v1/projects/info-650fe/services/firebasestorage.googleapis.com:enable [none]
[debug] [2026-07-03T23:23:40.577Z] >>> [apiv2][(partial)header] POST https://serviceusage.googleapis.com/v1/projects/info-650fe/services/firebasestorage.googleapis.com:enable  x-goog-user-project=info-650fe
[debug] [2026-07-03T23:23:42.181Z] <<< [apiv2][status] POST https://serviceusage.googleapis.com/v1/projects/info-650fe/services/firebasestorage.googleapis.com:enable 200
[debug] [2026-07-03T23:23:42.181Z] <<< [apiv2][body] POST https://serviceusage.googleapis.com/v1/projects/info-650fe/services/firebasestorage.googleapis.com:enable [omitted]
[debug] [2026-07-03T23:23:52.211Z] Checked if tokens are valid: true, expires at: 1783124615943
[debug] [2026-07-03T23:23:52.212Z] Checked if tokens are valid: true, expires at: 1783124615943
[debug] [2026-07-03T23:23:52.212Z] >>> [apiv2][query] GET https://firebasestorage.googleapis.com/v1alpha/projects/info-650fe/defaultBucket [none]
[debug] [2026-07-03T23:23:53.851Z] <<< [apiv2][status] GET https://firebasestorage.googleapis.com/v1alpha/projects/info-650fe/defaultBucket 404
[debug] [2026-07-03T23:23:53.851Z] <<< [apiv2][body] GET https://firebasestorage.googleapis.com/v1alpha/projects/info-650fe/defaultBucket {"error":{"code":404,"message":"Requested entity was not found.","status":"NOT_FOUND"}}
[error] 
[error] Error: Firebase Storage has not been set up on project 'info-650fe'. Go to https://console.firebase.google.com/project/info-650fe/storage and click 'Get Started' to set up Firebase Storage.
[debug] [2026-07-03T23:27:59.780Z] ----------------------------------------------------------------------
[debug] [2026-07-03T23:27:59.782Z] Command:       C:\Program Files\nodejs\node.exe C:\Users\Usuário\Downloads\TCC_2026-4\TCC_2026-4\node_modules\firebase-tools\lib\bin\firebase.js deploy --only functions,firestore:rules --project info-650fe --non-interactive
[debug] [2026-07-03T23:27:59.783Z] CLI Version:   15.22.4
[debug] [2026-07-03T23:27:59.783Z] Platform:      win32
[debug] [2026-07-03T23:27:59.783Z] Node Version:  v24.18.0
[debug] [2026-07-03T23:27:59.783Z] Detected Agent: codex_cli
[debug] [2026-07-03T23:27:59.783Z] Time:          Fri Jul 03 2026 20:27:59 GMT-0300 (Horário Padrão de Brasília)
[debug] [2026-07-03T23:27:59.783Z] ----------------------------------------------------------------------
[debug] 
[debug] [2026-07-03T23:28:02.102Z] > command requires scopes: ["email","openid","https://www.googleapis.com/auth/cloudplatformprojects.readonly","https://www.googleapis.com/auth/firebase","https://www.googleapis.com/auth/cloud-platform"]
[debug] [2026-07-03T23:28:02.103Z] > authorizing via signed-in user (mig180506@gmail.com)
[debug] [2026-07-03T23:28:02.103Z] [iam] checking project info-650fe for permissions ["cloudfunctions.functions.create","cloudfunctions.functions.delete","cloudfunctions.functions.get","cloudfunctions.functions.list","cloudfunctions.functions.update","cloudfunctions.operations.get","datastore.indexes.create","datastore.indexes.delete","datastore.indexes.list","datastore.indexes.update","firebase.projects.get"]
[debug] [2026-07-03T23:28:02.105Z] Checked if tokens are valid: true, expires at: 1783124615943
[debug] [2026-07-03T23:28:02.105Z] Checked if tokens are valid: true, expires at: 1783124615943
[debug] [2026-07-03T23:28:02.106Z] >>> [apiv2][query] POST https://cloudresourcemanager.googleapis.com/v1/projects/info-650fe:testIamPermissions [none]
[debug] [2026-07-03T23:28:02.106Z] >>> [apiv2][(partial)header] POST https://cloudresourcemanager.googleapis.com/v1/projects/info-650fe:testIamPermissions  x-goog-user-project=info-650fe
[debug] [2026-07-03T23:28:02.107Z] >>> [apiv2][body] POST https://cloudresourcemanager.googleapis.com/v1/projects/info-650fe:testIamPermissions {"permissions":["cloudfunctions.functions.create","cloudfunctions.functions.delete","cloudfunctions.functions.get","cloudfunctions.functions.list","cloudfunctions.functions.update","cloudfunctions.operations.get","datastore.indexes.create","datastore.indexes.delete","datastore.indexes.list","datastore.indexes.update","firebase.projects.get"]}
[debug] [2026-07-03T23:28:03.114Z] <<< [apiv2][status] POST https://cloudresourcemanager.googleapis.com/v1/projects/info-650fe:testIamPermissions 200
[debug] [2026-07-03T23:28:03.114Z] <<< [apiv2][body] POST https://cloudresourcemanager.googleapis.com/v1/projects/info-650fe:testIamPermissions {"permissions":["cloudfunctions.functions.create","cloudfunctions.functions.delete","cloudfunctions.functions.get","cloudfunctions.functions.list","cloudfunctions.functions.update","cloudfunctions.operations.get","datastore.indexes.create","datastore.indexes.delete","datastore.indexes.list","datastore.indexes.update","firebase.projects.get"]}
[debug] [2026-07-03T23:28:03.115Z] Checked if tokens are valid: true, expires at: 1783124615943
[debug] [2026-07-03T23:28:03.115Z] Checked if tokens are valid: true, expires at: 1783124615943
[debug] [2026-07-03T23:28:03.115Z] >>> [apiv2][query] POST https://iam.googleapis.com/v1/projects/info-650fe/serviceAccounts/info-650fe@appspot.gserviceaccount.com:testIamPermissions [none]
[debug] [2026-07-03T23:28:03.115Z] >>> [apiv2][body] POST https://iam.googleapis.com/v1/projects/info-650fe/serviceAccounts/info-650fe@appspot.gserviceaccount.com:testIamPermissions {"permissions":["iam.serviceAccounts.actAs"]}
[debug] [2026-07-03T23:28:04.102Z] <<< [apiv2][status] POST https://iam.googleapis.com/v1/projects/info-650fe/serviceAccounts/info-650fe@appspot.gserviceaccount.com:testIamPermissions 200
[debug] [2026-07-03T23:28:04.102Z] <<< [apiv2][body] POST https://iam.googleapis.com/v1/projects/info-650fe/serviceAccounts/info-650fe@appspot.gserviceaccount.com:testIamPermissions {"permissions":["iam.serviceAccounts.actAs"]}
[info] 
[info] === Deploying to 'info-650fe'...
[info] 
[info] i  deploying firestore, functions 
[info] i  firestore: ensuring required API firestore.googleapis.com is enabled... 
[info] i  firestore: ensuring required API firestore.googleapis.com is enabled... 
[debug] [2026-07-03T23:28:04.109Z] Checked if tokens are valid: true, expires at: 1783124615943
[debug] [2026-07-03T23:28:04.109Z] Checked if tokens are valid: true, expires at: 1783124615943
[debug] [2026-07-03T23:28:04.109Z] >>> [apiv2][query] GET https://firestore.googleapis.com/v1/projects/info-650fe/databases/(default) [none]
[debug] [2026-07-03T23:28:05.424Z] <<< [apiv2][status] GET https://firestore.googleapis.com/v1/projects/info-650fe/databases/(default) 200
[debug] [2026-07-03T23:28:05.424Z] <<< [apiv2][body] GET https://firestore.googleapis.com/v1/projects/info-650fe/databases/(default) {"name":"projects/info-650fe/databases/(default)","uid":"a3e74f01-2017-440c-bdb8-b56f294909fc","createTime":"2025-09-18T19:47:27.097957Z","updateTime":"2025-09-18T19:47:27.097957Z","locationId":"nam5","type":"FIRESTORE_NATIVE","concurrencyMode":"PESSIMISTIC","versionRetentionPeriod":"3600s","earliestVersionTime":"2026-07-03T22:28:05.361731Z","appEngineIntegrationMode":"DISABLED","keyPrefix":"s","pointInTimeRecoveryEnablement":"POINT_IN_TIME_RECOVERY_DISABLED","deleteProtectionState":"DELETE_PROTECTION_DISABLED","databaseEdition":"STANDARD","freeTier":true,"realtimeUpdatesMode":"REALTIME_UPDATES_MODE_ENABLED","etag":"IKDeuLbUt5UDMMHHkKC15pID"}
[info] i  cloud.firestore: checking firestore.rules for compilation errors... 
[debug] [2026-07-03T23:28:05.426Z] Checked if tokens are valid: true, expires at: 1783124615943
[debug] [2026-07-03T23:28:05.426Z] Checked if tokens are valid: true, expires at: 1783124615943
[debug] [2026-07-03T23:28:05.427Z] >>> [apiv2][query] POST https://firebaserules.googleapis.com/v1/projects/info-650fe:test [none]
[debug] [2026-07-03T23:28:05.427Z] >>> [apiv2][body] POST https://firebaserules.googleapis.com/v1/projects/info-650fe:test [omitted]
[debug] [2026-07-03T23:28:07.146Z] <<< [apiv2][status] POST https://firebaserules.googleapis.com/v1/projects/info-650fe:test 200
[debug] [2026-07-03T23:28:07.147Z] <<< [apiv2][body] POST https://firebaserules.googleapis.com/v1/projects/info-650fe:test {}
[info] +  cloud.firestore: rules file firestore.rules compiled successfully 
[debug] [2026-07-03T23:28:07.149Z] Checked if tokens are valid: true, expires at: 1783124615943
[debug] [2026-07-03T23:28:07.149Z] Checked if tokens are valid: true, expires at: 1783124615943
[debug] [2026-07-03T23:28:07.150Z] >>> [apiv2][query] GET https://cloudresourcemanager.googleapis.com/v1/projects/info-650fe [none]
[debug] [2026-07-03T23:28:07.406Z] <<< [apiv2][status] GET https://cloudresourcemanager.googleapis.com/v1/projects/info-650fe 200
[debug] [2026-07-03T23:28:07.406Z] <<< [apiv2][body] GET https://cloudresourcemanager.googleapis.com/v1/projects/info-650fe {"projectNumber":"690975448573","projectId":"info-650fe","lifecycleState":"ACTIVE","name":"7info","labels":{"firebase":"enabled","firebase-core":"disabled"},"createTime":"2025-08-28T19:33:54.254738Z"}
[info] i  functions: preparing codebase default for deployment 
[info] i  functions: ensuring required API cloudfunctions.googleapis.com is enabled... 
[info] i  functions: ensuring required API cloudbuild.googleapis.com is enabled... 
[debug] [2026-07-03T23:28:07.409Z] Checked if tokens are valid: true, expires at: 1783124615943
[debug] [2026-07-03T23:28:07.409Z] Checked if tokens are valid: true, expires at: 1783124615943
[info] i  artifactregistry: ensuring required API artifactregistry.googleapis.com is enabled... 
[debug] [2026-07-03T23:28:07.410Z] Checked if tokens are valid: true, expires at: 1783124615943
[debug] [2026-07-03T23:28:07.410Z] Checked if tokens are valid: true, expires at: 1783124615943
[debug] [2026-07-03T23:28:07.411Z] >>> [apiv2][query] GET https://serviceusage.googleapis.com/v1/projects/info-650fe/services/cloudbuild.googleapis.com [none]
[debug] [2026-07-03T23:28:07.411Z] >>> [apiv2][(partial)header] GET https://serviceusage.googleapis.com/v1/projects/info-650fe/services/cloudbuild.googleapis.com  x-goog-user-project=info-650fe
[debug] [2026-07-03T23:28:07.412Z] >>> [apiv2][query] GET https://serviceusage.googleapis.com/v1/projects/info-650fe/services/artifactregistry.googleapis.com [none]
[debug] [2026-07-03T23:28:07.412Z] >>> [apiv2][(partial)header] GET https://serviceusage.googleapis.com/v1/projects/info-650fe/services/artifactregistry.googleapis.com  x-goog-user-project=info-650fe
[debug] [2026-07-03T23:28:08.553Z] <<< [apiv2][status] GET https://serviceusage.googleapis.com/v1/projects/info-650fe/services/cloudbuild.googleapis.com 200
[debug] [2026-07-03T23:28:08.553Z] <<< [apiv2][body] GET https://serviceusage.googleapis.com/v1/projects/info-650fe/services/cloudbuild.googleapis.com [omitted]
[warn] !  functions: missing required API cloudbuild.googleapis.com. Enabling now... 
[debug] [2026-07-03T23:28:08.554Z] Checked if tokens are valid: true, expires at: 1783124615943
[debug] [2026-07-03T23:28:08.554Z] Checked if tokens are valid: true, expires at: 1783124615943
[debug] [2026-07-03T23:28:08.554Z] >>> [apiv2][query] POST https://serviceusage.googleapis.com/v1/projects/info-650fe/services/cloudbuild.googleapis.com:enable [none]
[debug] [2026-07-03T23:28:08.554Z] >>> [apiv2][(partial)header] POST https://serviceusage.googleapis.com/v1/projects/info-650fe/services/cloudbuild.googleapis.com:enable  x-goog-user-project=info-650fe
[debug] [2026-07-03T23:28:08.575Z] <<< [apiv2][status] GET https://serviceusage.googleapis.com/v1/projects/info-650fe/services/artifactregistry.googleapis.com 200
[debug] [2026-07-03T23:28:08.575Z] <<< [apiv2][body] GET https://serviceusage.googleapis.com/v1/projects/info-650fe/services/artifactregistry.googleapis.com [omitted]
[warn] !  artifactregistry: missing required API artifactregistry.googleapis.com. Enabling now... 
[debug] [2026-07-03T23:28:08.575Z] Checked if tokens are valid: true, expires at: 1783124615943
[debug] [2026-07-03T23:28:08.576Z] Checked if tokens are valid: true, expires at: 1783124615943
[debug] [2026-07-03T23:28:08.576Z] >>> [apiv2][query] POST https://serviceusage.googleapis.com/v1/projects/info-650fe/services/artifactregistry.googleapis.com:enable [none]
[debug] [2026-07-03T23:28:08.576Z] >>> [apiv2][(partial)header] POST https://serviceusage.googleapis.com/v1/projects/info-650fe/services/artifactregistry.googleapis.com:enable  x-goog-user-project=info-650fe
[debug] [2026-07-03T23:28:08.995Z] <<< [apiv2][status] POST https://serviceusage.googleapis.com/v1/projects/info-650fe/services/cloudbuild.googleapis.com:enable 400
[debug] [2026-07-03T23:28:08.995Z] <<< [apiv2][body] POST https://serviceusage.googleapis.com/v1/projects/info-650fe/services/cloudbuild.googleapis.com:enable [omitted]
[debug] [2026-07-03T23:28:09.259Z] <<< [apiv2][status] POST https://serviceusage.googleapis.com/v1/projects/info-650fe/services/artifactregistry.googleapis.com:enable 400
[debug] [2026-07-03T23:28:09.259Z] <<< [apiv2][body] POST https://serviceusage.googleapis.com/v1/projects/info-650fe/services/artifactregistry.googleapis.com:enable [omitted]
[error] 
[error] Error: Your project info-650fe must be on the Blaze (pay-as-you-go) plan to complete this command. Required API cloudbuild.googleapis.com can't be enabled until the upgrade is complete. To upgrade, visit the following URL:

https://console.firebase.google.com/project/info-650fe/usage/details
[debug] [2026-07-03T23:28:36.140Z] ----------------------------------------------------------------------
[debug] [2026-07-03T23:28:36.142Z] Command:       C:\Program Files\nodejs\node.exe C:\Users\Usuário\Downloads\TCC_2026-4\TCC_2026-4\node_modules\firebase-tools\lib\bin\firebase.js deploy --only firestore:rules --project info-650fe --non-interactive
[debug] [2026-07-03T23:28:36.142Z] CLI Version:   15.22.4
[debug] [2026-07-03T23:28:36.142Z] Platform:      win32
[debug] [2026-07-03T23:28:36.143Z] Node Version:  v24.18.0
[debug] [2026-07-03T23:28:36.143Z] Detected Agent: codex_cli
[debug] [2026-07-03T23:28:36.143Z] Time:          Fri Jul 03 2026 20:28:36 GMT-0300 (Horário Padrão de Brasília)
[debug] [2026-07-03T23:28:36.143Z] ----------------------------------------------------------------------
[debug] 
[debug] [2026-07-03T23:28:38.311Z] > command requires scopes: ["email","openid","https://www.googleapis.com/auth/cloudplatformprojects.readonly","https://www.googleapis.com/auth/firebase","https://www.googleapis.com/auth/cloud-platform"]
[debug] [2026-07-03T23:28:38.312Z] > authorizing via signed-in user (mig180506@gmail.com)
[debug] [2026-07-03T23:28:38.312Z] [iam] checking project info-650fe for permissions ["datastore.indexes.create","datastore.indexes.delete","datastore.indexes.list","datastore.indexes.update","firebase.projects.get"]
[debug] [2026-07-03T23:28:38.314Z] Checked if tokens are valid: true, expires at: 1783124615943
[debug] [2026-07-03T23:28:38.315Z] Checked if tokens are valid: true, expires at: 1783124615943
[debug] [2026-07-03T23:28:38.316Z] >>> [apiv2][query] POST https://cloudresourcemanager.googleapis.com/v1/projects/info-650fe:testIamPermissions [none]
[debug] [2026-07-03T23:28:38.316Z] >>> [apiv2][(partial)header] POST https://cloudresourcemanager.googleapis.com/v1/projects/info-650fe:testIamPermissions  x-goog-user-project=info-650fe
[debug] [2026-07-03T23:28:38.316Z] >>> [apiv2][body] POST https://cloudresourcemanager.googleapis.com/v1/projects/info-650fe:testIamPermissions {"permissions":["datastore.indexes.create","datastore.indexes.delete","datastore.indexes.list","datastore.indexes.update","firebase.projects.get"]}
[debug] [2026-07-03T23:28:39.461Z] <<< [apiv2][status] POST https://cloudresourcemanager.googleapis.com/v1/projects/info-650fe:testIamPermissions 200
[debug] [2026-07-03T23:28:39.461Z] <<< [apiv2][body] POST https://cloudresourcemanager.googleapis.com/v1/projects/info-650fe:testIamPermissions {"permissions":["datastore.indexes.create","datastore.indexes.delete","datastore.indexes.list","datastore.indexes.update","firebase.projects.get"]}
[info] 
[info] === Deploying to 'info-650fe'...
[info] 
[info] i  deploying firestore 
[info] i  firestore: ensuring required API firestore.googleapis.com is enabled... 
[info] i  firestore: ensuring required API firestore.googleapis.com is enabled... 
[debug] [2026-07-03T23:28:39.466Z] Checked if tokens are valid: true, expires at: 1783124615943
[debug] [2026-07-03T23:28:39.466Z] Checked if tokens are valid: true, expires at: 1783124615943
[debug] [2026-07-03T23:28:39.466Z] >>> [apiv2][query] GET https://firestore.googleapis.com/v1/projects/info-650fe/databases/(default) [none]
[debug] [2026-07-03T23:28:40.565Z] <<< [apiv2][status] GET https://firestore.googleapis.com/v1/projects/info-650fe/databases/(default) 200
[debug] [2026-07-03T23:28:40.565Z] <<< [apiv2][body] GET https://firestore.googleapis.com/v1/projects/info-650fe/databases/(default) {"name":"projects/info-650fe/databases/(default)","uid":"a3e74f01-2017-440c-bdb8-b56f294909fc","createTime":"2025-09-18T19:47:27.097957Z","updateTime":"2025-09-18T19:47:27.097957Z","locationId":"nam5","type":"FIRESTORE_NATIVE","concurrencyMode":"PESSIMISTIC","versionRetentionPeriod":"3600s","earliestVersionTime":"2026-07-03T22:28:40.509720Z","appEngineIntegrationMode":"DISABLED","keyPrefix":"s","pointInTimeRecoveryEnablement":"POINT_IN_TIME_RECOVERY_DISABLED","deleteProtectionState":"DELETE_PROTECTION_DISABLED","databaseEdition":"STANDARD","freeTier":true,"realtimeUpdatesMode":"REALTIME_UPDATES_MODE_ENABLED","etag":"IPf+mcfUt5UDMMHHkKC15pID"}
[info] i  cloud.firestore: checking firestore.rules for compilation errors... 
[debug] [2026-07-03T23:28:40.568Z] Checked if tokens are valid: true, expires at: 1783124615943
[debug] [2026-07-03T23:28:40.568Z] Checked if tokens are valid: true, expires at: 1783124615943
[debug] [2026-07-03T23:28:40.568Z] >>> [apiv2][query] POST https://firebaserules.googleapis.com/v1/projects/info-650fe:test [none]
[debug] [2026-07-03T23:28:40.568Z] >>> [apiv2][body] POST https://firebaserules.googleapis.com/v1/projects/info-650fe:test [omitted]
[debug] [2026-07-03T23:28:41.860Z] <<< [apiv2][status] POST https://firebaserules.googleapis.com/v1/projects/info-650fe:test 200
[debug] [2026-07-03T23:28:41.860Z] <<< [apiv2][body] POST https://firebaserules.googleapis.com/v1/projects/info-650fe:test {}
[info] +  cloud.firestore: rules file firestore.rules compiled successfully 
[debug] [2026-07-03T23:28:41.862Z] Checked if tokens are valid: true, expires at: 1783124615943
[debug] [2026-07-03T23:28:41.862Z] Checked if tokens are valid: true, expires at: 1783124615943
[debug] [2026-07-03T23:28:41.862Z] >>> [apiv2][query] GET https://firebaserules.googleapis.com/v1/projects/info-650fe/releases pageSize=10&pageToken=
[debug] [2026-07-03T23:28:43.242Z] <<< [apiv2][status] GET https://firebaserules.googleapis.com/v1/projects/info-650fe/releases 200
[debug] [2026-07-03T23:28:43.242Z] <<< [apiv2][body] GET https://firebaserules.googleapis.com/v1/projects/info-650fe/releases {"releases":[{"name":"projects/info-650fe/releases/cloud.firestore","rulesetName":"projects/info-650fe/rulesets/45fa82c3-2958-45ee-9199-fa84bce30973","createTime":"2025-09-18T19:47:32.071496Z","updateTime":"2026-06-30T02:45:29.996465Z"}]}
[debug] [2026-07-03T23:28:43.242Z] Checked if tokens are valid: true, expires at: 1783124615943
[debug] [2026-07-03T23:28:43.243Z] Checked if tokens are valid: true, expires at: 1783124615943
[debug] [2026-07-03T23:28:43.243Z] >>> [apiv2][query] GET https://firebaserules.googleapis.com/v1/projects/info-650fe/rulesets/45fa82c3-2958-45ee-9199-fa84bce30973 [none]
[debug] [2026-07-03T23:28:44.266Z] <<< [apiv2][status] GET https://firebaserules.googleapis.com/v1/projects/info-650fe/rulesets/45fa82c3-2958-45ee-9199-fa84bce30973 200
[debug] [2026-07-03T23:28:44.266Z] <<< [apiv2][body] GET https://firebaserules.googleapis.com/v1/projects/info-650fe/rulesets/45fa82c3-2958-45ee-9199-fa84bce30973 [omitted]
[info] i  firestore: uploading rules firestore.rules... 
[debug] [2026-07-03T23:28:44.268Z] Checked if tokens are valid: true, expires at: 1783124615943
[debug] [2026-07-03T23:28:44.268Z] Checked if tokens are valid: true, expires at: 1783124615943
[debug] [2026-07-03T23:28:44.268Z] >>> [apiv2][query] POST https://firebaserules.googleapis.com/v1/projects/info-650fe/rulesets [none]
[debug] [2026-07-03T23:28:44.268Z] >>> [apiv2][body] POST https://firebaserules.googleapis.com/v1/projects/info-650fe/rulesets [omitted]
[debug] [2026-07-03T23:28:45.562Z] <<< [apiv2][status] POST https://firebaserules.googleapis.com/v1/projects/info-650fe/rulesets 200
[debug] [2026-07-03T23:28:45.562Z] <<< [apiv2][body] POST https://firebaserules.googleapis.com/v1/projects/info-650fe/rulesets {"name":"projects/info-650fe/rulesets/8038e3fe-5fc6-415b-a627-0a4d60450404","source":{"files":[{"content":"rules_version = '2';\r\nservice cloud.firestore {\r\n  match /databases/{database}/documents {\r\n    function signedIn() {\r\n      return request.auth != null;\r\n    }\r\n\r\n    function isOwner(uid) {\r\n      return signedIn() && request.auth.uid == uid;\r\n    }\r\n\r\n    function isAdmin() {\n      return signedIn()\r\n        && exists(/databases/$(database)/documents/Usuario/$(request.auth.uid))\r\n        && (\r\n          get(/databases/$(database)/documents/Usuario/$(request.auth.uid)).data.admin == true\r\n          || get(/databases/$(database)/documents/Usuario/$(request.auth.uid)).data.tipo == 'admin'\r\n        );\r\n    }\r\n\r\n    function activePrestador(uid) {\r\n      return exists(/databases/$(database)/documents/Usuario/$(uid))\r\n        && get(/databases/$(database)/documents/Usuario/$(uid)).data.tipo == 'prestador'\r\n        && get(/databases/$(database)/documents/Usuario/$(uid)).data.contaAtiva == true\r\n        && get(/databases/$(database)/documents/Usuario/$(uid)).data.assinaturaAtiva != false;\r\n    }\r\n\r\n    function touchesBillingFields() {\n      return request.resource.data.diff(resource.data).changedKeys().hasAny([\r\n        'assinaturaAtiva',\r\n        'contaAtiva',\r\n        'dataCadastro',\r\n        'dataVencimento',\r\n        'ultimoPagamento',\r\n        'statusPagamento',\r\n        'valorMensalidade',\r\n        'bloqueadoEm',\r\n        'motivoBloqueio'\r\n      ]);\n    }\n\n    function touchesReviewFields() {\n      return request.resource.data.diff(resource.data).changedKeys().hasAny([\n        'avaliacaoNota', 'avaliacaoComentario', 'avaliacaoData', 'avaliacaoLiberada',\n        'avaliado', 'avaliacaoSoma', 'numeroAvaliacoes', 'avaliacao'\n      ]);\n    }\n\n    function validReviewUpdate() {\n      return signedIn()\n        && resource.data.clienteId == request.auth.uid\n        && resource.data.status == 'realizado'\n        && resource.data.avaliado != true\n        && request.resource.data.avaliado == true\n        && request.resource.data.avaliacaoNota is number\n        && request.resource.data.avaliacaoNota >= 1\n        && request.resource.data.avaliacaoNota <= 5\n        && request.resource.data.diff(resource.data).changedKeys().hasOnly([\n          'avaliacaoNota', 'avaliacaoComentario', 'avaliacaoData', 'avaliacaoLiberada', 'avaliado'\n        ]);\n    }\n\r\n    function participantIn(data) {\r\n      return signedIn()\r\n        && data.participants is list\r\n        && request.auth.uid in data.participants;\r\n    }\r\n\r\n    function areaParticipant(data) {\r\n      return signedIn()\r\n        && data.prestadoresIds is list\r\n        && request.auth.uid in data.prestadoresIds;\r\n    }\r\n\r\n    match /Usuario/{uid} {\r\n      allow create: if isOwner(uid)\n        && request.resource.data.tipo in ['prestador', 'contratante']\n        && (\n          !request.resource.data.keys().hasAny(['admin'])\n          || request.resource.data.admin == false\n        )\n        && (\n          request.resource.data.tipo == 'contratante'\n          || (\n            request.resource.data.assinaturaAtiva == false\n            && request.resource.data.contaAtiva == false\n            && request.resource.data.statusPagamento == 'primeiro_pagamento_pendente'\n          )\n        );\n\r\n      allow read: if isOwner(uid)\r\n        || isAdmin()\r\n        || (\r\n          resource.data.tipo == 'prestador'\r\n          && resource.data.contaAtiva == true\r\n          && resource.data.assinaturaAtiva != false\r\n        )\r\n        || (signedIn() && resource.data.tipo == 'contratante');\r\n\r\n      allow update: if isAdmin()\r\n        || (\r\n          isOwner(uid)\r\n          && !touchesBillingFields()\n          && !touchesReviewFields()\n          && !request.resource.data.diff(resource.data).changedKeys().hasAny(['admin', 'tipo'])\r\n        );\r\n\r\n      allow delete: if isOwner(uid) || isAdmin();\r\n\r\n      match /Mensalidades/{periodKey} {\r\n        allow read: if isOwner(uid) || isAdmin();\r\n        allow create, update, delete: if false;\r\n      }\r\n\r\n      match /Notificacoes/{notifId} {\n        allow read: if isOwner(uid) || isAdmin();\r\n        allow create, delete: if isAdmin();\r\n        allow update: if isAdmin()\r\n          || (\r\n            isOwner(uid)\r\n            && request.resource.data.diff(resource.data).changedKeys().hasOnly(['lida'])\r\n          );\r\n      }\n\n      match /PushTokens/{tokenId} {\n        allow read, create, update, delete: if isOwner(uid);\n      }\n\n      match /Disponibilidade/{diaId} {\n        allow read: if isOwner(uid) || isAdmin() || (signedIn() && activePrestador(uid));\n        allow create, update, delete: if isOwner(uid) || isAdmin();\n      }\n\n      match /Indisponibilidades/{periodoId} {\n        allow read: if isOwner(uid) || isAdmin() || (signedIn() && activePrestador(uid));\n        allow create, update, delete: if isOwner(uid) || isAdmin();\n      }\n\n      match /ReservasAgenda/{reservaId} {\n        allow read: if isOwner(uid) || isAdmin();\n        allow create, update, delete: if false;\n      }\n\n      match /Bloqueados/{blockedId} {\n        allow read, create, update, delete: if isOwner(uid);\n      }\n\n      match /Favoritos/{providerId} {\n        allow read, create, update, delete: if isOwner(uid)\n          && request.auth.uid != providerId;\n      }\n\r\n      match /Serv/{servId} {\r\n        allow read: if signedIn() && (isOwner(uid) || activePrestador(uid) || isAdmin());\r\n        allow create, update, delete: if isOwner(uid) || isAdmin();\r\n      }\r\n\r\n      match /Posts/{postId} {\r\n        allow read: if signedIn() && (isOwner(uid) || activePrestador(uid) || isAdmin());\r\n        allow create, update, delete: if isOwner(uid) || isAdmin();\r\n      }\r\n    }\r\n\r\n    match /ServicosAdds/{uid}/ServicosOferecidos/{servicoId} {\r\n      allow read: if signedIn() && (isOwner(uid) || activePrestador(uid) || isAdmin());\r\n      allow create, update, delete: if isOwner(uid) || isAdmin();\r\n    }\r\n\r\n    match /ServicosAgendados/{prestadorId}/ServicoStatus/{servicoId} {\n      allow read: if isAdmin()\r\n        || isOwner(prestadorId)\r\n        || (signedIn() && resource.data.clienteId == request.auth.uid);\r\n\r\n      allow create: if isAdmin()\r\n        || isOwner(prestadorId)\r\n        || (signedIn() && request.resource.data.clienteId == request.auth.uid);\r\n\r\n      allow update: if isAdmin()\n        || validReviewUpdate()\n        || (\n          !touchesReviewFields()\n          && (\n            isOwner(prestadorId)\n            || (signedIn() && resource.data.clienteId == request.auth.uid)\n            || (signedIn() && request.resource.data.clienteId == request.auth.uid)\n          )\n        );\n\r\n      allow delete: if isAdmin()\n        || isOwner(prestadorId)\n        || (signedIn() && resource.data.clienteId == request.auth.uid);\n\n      match /Propostas/{propostaId} {\n        allow read: if isAdmin() || isOwner(prestadorId)\n          || (signedIn() && get(/databases/$(database)/documents/ServicosAgendados/$(prestadorId)/ServicoStatus/$(servicoId)).data.clienteId == request.auth.uid);\n        allow write: if false;\n      }\n    }\n\r\n    match /ServicosClientes/{clienteId}/ServicoStatus/{servicoId} {\n      allow read: if isAdmin()\r\n        || isOwner(clienteId)\r\n        || (signedIn() && resource.data.clienteId == request.auth.uid)\r\n        || (signedIn() && resource.data.prestadorId == request.auth.uid);\r\n\r\n      allow create: if isAdmin()\r\n        || isOwner(clienteId)\r\n        || (signedIn() && request.resource.data.prestadorId == request.auth.uid);\r\n\r\n      allow update: if isAdmin()\n        || validReviewUpdate()\n        || (\n          !touchesReviewFields()\n          && (\n            isOwner(clienteId)\n            || (signedIn() && resource.data.prestadorId == request.auth.uid)\n            || (signedIn() && request.resource.data.prestadorId == request.auth.uid)\n          )\n        );\n\r\n      allow delete: if isAdmin()\n        || isOwner(clienteId)\n        || (signedIn() && resource.data.prestadorId == request.auth.uid);\n\n      match /Propostas/{propostaId} {\n        allow read: if isAdmin() || isOwner(clienteId)\n          || (signedIn() && get(/databases/$(database)/documents/ServicosClientes/$(clienteId)/ServicoStatus/$(servicoId)).data.prestadorId == request.auth.uid);\n        allow write: if false;\n      }\n    }\n\r\n    match /ServicosRejeitados/{prestadorId}/ServicoStatus/{servicoId} {\r\n      allow read, create, update, delete: if isOwner(prestadorId) || isAdmin();\r\n    }\r\n\r\n    match /SolicitacoesArea/{requestId} {\r\n      allow read: if isAdmin()\r\n        || (signedIn() && resource.data.clienteId == request.auth.uid)\r\n        || areaParticipant(resource.data);\r\n\r\n      allow create: if signedIn() && request.resource.data.clienteId == request.auth.uid;\r\n\r\n      allow update: if isAdmin()\r\n        || (signedIn() && resource.data.clienteId == request.auth.uid)\r\n        || areaParticipant(resource.data);\r\n\r\n      allow delete: if isAdmin()\r\n        || (signedIn() && resource.data.clienteId == request.auth.uid);\r\n    }\r\n\r\n    match /SolicitacoesMensalidade/{requestId} {\n      allow read: if isAdmin()\r\n        || (signedIn() && resource.data.uid == request.auth.uid);\r\n\r\n      allow create: if signedIn()\r\n        && request.resource.data.uid == request.auth.uid\r\n        && request.resource.data.status == 'pendente';\r\n\r\n      allow update, delete: if isAdmin();\n    }\n\n    function isContratante() {\n      return signedIn()\n        && exists(/databases/$(database)/documents/Usuario/$(request.auth.uid))\n        && get(/databases/$(database)/documents/Usuario/$(request.auth.uid)).data.tipo == 'contratante';\n    }\n\n    match /ProblemasServicos/{problemaId} {\n      allow read: if isAdmin()\n        || (signedIn() && resource.data.clienteId == request.auth.uid)\n        || (signedIn() && resource.data.prestadorId == request.auth.uid);\n\n      allow create: if signedIn()\n        && request.resource.data.relatorId == request.auth.uid\n        && (\n          request.resource.data.clienteId == request.auth.uid\n          || request.resource.data.prestadorId == request.auth.uid\n        )\n        && request.resource.data.status == 'pendente';\n\n      allow update: if isAdmin()\n        || (\n          signedIn()\n          && resource.data.relatorId == request.auth.uid\n          && request.resource.data.relatorId == resource.data.relatorId\n          && request.resource.data.clienteId == resource.data.clienteId\n          && request.resource.data.prestadorId == resource.data.prestadorId\n          && request.resource.data.status == 'pendente'\n          && request.resource.data.diff(resource.data).changedKeys().hasOnly(['descricao', 'criadoEm'])\n        );\n      allow delete: if isAdmin();\n    }\n\n    match /LocalizacoesPrestadores/{prestadorId} {\n      allow read: if isOwner(prestadorId)\n        || isAdmin()\n        || (\n          isContratante()\n          && activePrestador(prestadorId)\n          && resource.data.expiresAt > request.time\n        );\n\n      allow create, update: if isOwner(prestadorId)\n        && activePrestador(prestadorId)\n        && request.resource.data.prestadorId == prestadorId\n        && request.resource.data.latitude is number\n        && request.resource.data.latitude >= -90\n        && request.resource.data.latitude <= 90\n        && request.resource.data.longitude is number\n        && request.resource.data.longitude >= -180\n        && request.resource.data.longitude <= 180\n        && request.resource.data.expiresAt is timestamp\n        && request.resource.data.expiresAt > request.time\n        && request.resource.data.expiresAt <= request.time + duration.value(3, 'h')\n        && request.resource.data.keys().hasOnly([\n          'prestadorId', 'latitude', 'longitude', 'accuracy', 'updatedAt', 'expiresAt'\n        ]);\n\n      allow delete: if isOwner(prestadorId) || isAdmin();\n    }\n\n    match /Denuncias/{denunciaId} {\n      allow create: if signedIn()\n        && request.resource.data.reporterId == request.auth.uid\n        && request.resource.data.status == 'pendente';\n      allow read: if isAdmin() || (signedIn() && resource.data.reporterId == request.auth.uid);\n      allow update, delete: if isAdmin();\n    }\n\n    match /Chats/{chatId} {\n      allow read, delete: if participantIn(resource.data) || isAdmin();\n      allow create: if isAdmin()\n        || (\n          participantIn(request.resource.data)\n          && request.resource.data.participants.size() == 2\n          && request.resource.data.keys().hasOnly([\n            'participants', 'lastMessage', 'lastMessageAt', 'updatedAt', 'unreadFor'\n          ])\n        );\n      allow update: if isAdmin()\n        || (\n          participantIn(resource.data)\n          && request.resource.data.participants == resource.data.participants\n          && request.resource.data.diff(resource.data).changedKeys().hasOnly([\n            'lastMessage', 'lastMessageAt', 'updatedAt', 'unreadFor'\n          ])\n        );\n\r\n      match /Messages/{messageId} {\r\n        allow read: if isAdmin()\r\n          || participantIn(get(/databases/$(database)/documents/Chats/$(chatId)).data);\r\n\r\n        allow create, update, delete: if false;\n      }\n\n      match /Presence/{presenceUid} {\n        allow read: if isAdmin()\n          || participantIn(get(/databases/$(database)/documents/Chats/$(chatId)).data);\n        allow create, update, delete: if signedIn()\n          && request.auth.uid == presenceUid\n          && participantIn(get(/databases/$(database)/documents/Chats/$(chatId)).data);\n      }\n    }\r\n\r\n    match /MercadoPagoWebhooks/{webhookId} {\n      allow read, write: if false;\n    }\n\n    match /AuditLogs/{logId} {\n      allow read: if isAdmin();\n      allow write: if false;\n    }\n\n    match /PublicConfig/{configId} {\n      allow read: if signedIn();\n      allow write: if isAdmin();\n    }\n\n    match /RateLimits/{limitId} {\n      allow read, write: if false;\n    }\n\r\n    match /{document=**} {\r\n      allow read, write: if false;\r\n    }\r\n  }\r\n}\r\n","name":"firestore.rules"}]},"createTime":"2026-07-03T23:28:45.444063Z","metadata":{"services":["cloud.firestore"]}}
[debug] [2026-07-03T23:28:45.563Z] [rules] created ruleset projects/info-650fe/rulesets/8038e3fe-5fc6-415b-a627-0a4d60450404
[debug] [2026-07-03T23:28:45.563Z] [rules] releasing cloud.firestore with ruleset projects/info-650fe/rulesets/8038e3fe-5fc6-415b-a627-0a4d60450404
[debug] [2026-07-03T23:28:45.563Z] Checked if tokens are valid: true, expires at: 1783124615943
[debug] [2026-07-03T23:28:45.563Z] Checked if tokens are valid: true, expires at: 1783124615943
[debug] [2026-07-03T23:28:45.564Z] >>> [apiv2][query] PATCH https://firebaserules.googleapis.com/v1/projects/info-650fe/releases/cloud.firestore [none]
[debug] [2026-07-03T23:28:45.564Z] >>> [apiv2][body] PATCH https://firebaserules.googleapis.com/v1/projects/info-650fe/releases/cloud.firestore {"release":{"name":"projects/info-650fe/releases/cloud.firestore","rulesetName":"projects/info-650fe/rulesets/8038e3fe-5fc6-415b-a627-0a4d60450404"}}
[debug] [2026-07-03T23:28:46.860Z] <<< [apiv2][status] PATCH https://firebaserules.googleapis.com/v1/projects/info-650fe/releases/cloud.firestore 200
[debug] [2026-07-03T23:28:46.860Z] <<< [apiv2][body] PATCH https://firebaserules.googleapis.com/v1/projects/info-650fe/releases/cloud.firestore {"name":"projects/info-650fe/releases/cloud.firestore","rulesetName":"projects/info-650fe/rulesets/8038e3fe-5fc6-415b-a627-0a4d60450404","createTime":"2025-09-18T19:47:32.071496Z","updateTime":"2026-07-03T23:28:46.748142Z"}
[debug] [2026-07-03T23:28:46.860Z] [rules] updated release projects/info-650fe/releases/cloud.firestore
[info] +  firestore: released rules firestore.rules to cloud.firestore 
[info] 
[info] +  Deploy complete! 
[info] 
[info] Project Console: https://console.firebase.google.com/project/info-650fe/overview
[debug] [2026-07-03T23:35:15.845Z] ----------------------------------------------------------------------
[debug] [2026-07-03T23:35:15.848Z] Command:       C:\Program Files\nodejs\node.exe C:\Users\Usuário\Downloads\TCC_2026-4\TCC_2026-4\node_modules\firebase-tools\lib\bin\firebase.js deploy --only firestore:rules --project info-650fe --non-interactive
[debug] [2026-07-03T23:35:15.848Z] CLI Version:   15.22.4
[debug] [2026-07-03T23:35:15.848Z] Platform:      win32
[debug] [2026-07-03T23:35:15.848Z] Node Version:  v24.18.0
[debug] [2026-07-03T23:35:15.848Z] Detected Agent: codex_cli
[debug] [2026-07-03T23:35:15.848Z] Time:          Fri Jul 03 2026 20:35:15 GMT-0300 (Horário Padrão de Brasília)
[debug] [2026-07-03T23:35:15.849Z] ----------------------------------------------------------------------
[debug] 
[debug] [2026-07-03T23:35:18.618Z] > command requires scopes: ["email","openid","https://www.googleapis.com/auth/cloudplatformprojects.readonly","https://www.googleapis.com/auth/firebase","https://www.googleapis.com/auth/cloud-platform"]
[debug] [2026-07-03T23:35:18.619Z] > authorizing via signed-in user (mig180506@gmail.com)
[debug] [2026-07-03T23:35:18.619Z] [iam] checking project info-650fe for permissions ["datastore.indexes.create","datastore.indexes.delete","datastore.indexes.list","datastore.indexes.update","firebase.projects.get"]
[debug] [2026-07-03T23:35:18.621Z] Checked if tokens are valid: true, expires at: 1783124615943
[debug] [2026-07-03T23:35:18.621Z] Checked if tokens are valid: true, expires at: 1783124615943
[debug] [2026-07-03T23:35:18.622Z] >>> [apiv2][query] POST https://cloudresourcemanager.googleapis.com/v1/projects/info-650fe:testIamPermissions [none]
[debug] [2026-07-03T23:35:18.623Z] >>> [apiv2][(partial)header] POST https://cloudresourcemanager.googleapis.com/v1/projects/info-650fe:testIamPermissions  x-goog-user-project=info-650fe
[debug] [2026-07-03T23:35:18.623Z] >>> [apiv2][body] POST https://cloudresourcemanager.googleapis.com/v1/projects/info-650fe:testIamPermissions {"permissions":["datastore.indexes.create","datastore.indexes.delete","datastore.indexes.list","datastore.indexes.update","firebase.projects.get"]}
[debug] [2026-07-03T23:35:19.850Z] <<< [apiv2][status] POST https://cloudresourcemanager.googleapis.com/v1/projects/info-650fe:testIamPermissions 200
[debug] [2026-07-03T23:35:19.850Z] <<< [apiv2][body] POST https://cloudresourcemanager.googleapis.com/v1/projects/info-650fe:testIamPermissions {"permissions":["datastore.indexes.create","datastore.indexes.delete","datastore.indexes.list","datastore.indexes.update","firebase.projects.get"]}
[info] 
[info] === Deploying to 'info-650fe'...
[info] 
[info] i  deploying firestore 
[info] i  firestore: ensuring required API firestore.googleapis.com is enabled... 
[info] i  firestore: ensuring required API firestore.googleapis.com is enabled... 
[debug] [2026-07-03T23:35:19.855Z] Checked if tokens are valid: true, expires at: 1783124615943
[debug] [2026-07-03T23:35:19.855Z] Checked if tokens are valid: true, expires at: 1783124615943
[debug] [2026-07-03T23:35:19.855Z] >>> [apiv2][query] GET https://firestore.googleapis.com/v1/projects/info-650fe/databases/(default) [none]
[debug] [2026-07-03T23:35:21.105Z] <<< [apiv2][status] GET https://firestore.googleapis.com/v1/projects/info-650fe/databases/(default) 200
[debug] [2026-07-03T23:35:21.105Z] <<< [apiv2][body] GET https://firestore.googleapis.com/v1/projects/info-650fe/databases/(default) {"name":"projects/info-650fe/databases/(default)","uid":"a3e74f01-2017-440c-bdb8-b56f294909fc","createTime":"2025-09-18T19:47:27.097957Z","updateTime":"2025-09-18T19:47:27.097957Z","locationId":"nam5","type":"FIRESTORE_NATIVE","concurrencyMode":"PESSIMISTIC","versionRetentionPeriod":"3600s","earliestVersionTime":"2026-07-03T22:35:21.044951Z","appEngineIntegrationMode":"DISABLED","keyPrefix":"s","pointInTimeRecoveryEnablement":"POINT_IN_TIME_RECOVERY_DISABLED","deleteProtectionState":"DELETE_PROTECTION_DISABLED","databaseEdition":"STANDARD","freeTier":true,"realtimeUpdatesMode":"REALTIME_UPDATES_MODE_ENABLED","etag":"IITcmIbWt5UDMMHHkKC15pID"}
[info] i  cloud.firestore: checking firestore.rules for compilation errors... 
[debug] [2026-07-03T23:35:21.108Z] Checked if tokens are valid: true, expires at: 1783124615943
[debug] [2026-07-03T23:35:21.108Z] Checked if tokens are valid: true, expires at: 1783124615943
[debug] [2026-07-03T23:35:21.109Z] >>> [apiv2][query] POST https://firebaserules.googleapis.com/v1/projects/info-650fe:test [none]
[debug] [2026-07-03T23:35:21.109Z] >>> [apiv2][body] POST https://firebaserules.googleapis.com/v1/projects/info-650fe:test [omitted]
[debug] [2026-07-03T23:35:22.094Z] <<< [apiv2][status] POST https://firebaserules.googleapis.com/v1/projects/info-650fe:test 200
[debug] [2026-07-03T23:35:22.094Z] <<< [apiv2][body] POST https://firebaserules.googleapis.com/v1/projects/info-650fe:test {"issues":[{"sourcePosition":{"fileName":"firestore.rules","line":147,"column":78,"currentOffset":5338,"endOffset":5343},"description":"Invalid variable name: chatId.","severity":"WARNING"}]}
[warn] !  [W] 147:78 - Invalid variable name: chatId. 
[info] +  cloud.firestore: rules file firestore.rules compiled successfully 
[debug] [2026-07-03T23:35:22.097Z] Checked if tokens are valid: true, expires at: 1783124615943
[debug] [2026-07-03T23:35:22.098Z] Checked if tokens are valid: true, expires at: 1783124615943
[debug] [2026-07-03T23:35:22.098Z] >>> [apiv2][query] GET https://firebaserules.googleapis.com/v1/projects/info-650fe/releases pageSize=10&pageToken=
[debug] [2026-07-03T23:35:23.230Z] <<< [apiv2][status] GET https://firebaserules.googleapis.com/v1/projects/info-650fe/releases 200
[debug] [2026-07-03T23:35:23.231Z] <<< [apiv2][body] GET https://firebaserules.googleapis.com/v1/projects/info-650fe/releases {"releases":[{"name":"projects/info-650fe/releases/cloud.firestore","rulesetName":"projects/info-650fe/rulesets/8038e3fe-5fc6-415b-a627-0a4d60450404","createTime":"2025-09-18T19:47:32.071496Z","updateTime":"2026-07-03T23:28:46.748142Z"}]}
[debug] [2026-07-03T23:35:23.231Z] Checked if tokens are valid: true, expires at: 1783124615943
[debug] [2026-07-03T23:35:23.231Z] Checked if tokens are valid: true, expires at: 1783124615943
[debug] [2026-07-03T23:35:23.231Z] >>> [apiv2][query] GET https://firebaserules.googleapis.com/v1/projects/info-650fe/rulesets/8038e3fe-5fc6-415b-a627-0a4d60450404 [none]
[debug] [2026-07-03T23:35:24.264Z] <<< [apiv2][status] GET https://firebaserules.googleapis.com/v1/projects/info-650fe/rulesets/8038e3fe-5fc6-415b-a627-0a4d60450404 200
[debug] [2026-07-03T23:35:24.264Z] <<< [apiv2][body] GET https://firebaserules.googleapis.com/v1/projects/info-650fe/rulesets/8038e3fe-5fc6-415b-a627-0a4d60450404 [omitted]
[info] i  firestore: uploading rules firestore.rules... 
[debug] [2026-07-03T23:35:24.265Z] Checked if tokens are valid: true, expires at: 1783124615943
[debug] [2026-07-03T23:35:24.266Z] Checked if tokens are valid: true, expires at: 1783124615943
[debug] [2026-07-03T23:35:24.266Z] >>> [apiv2][query] POST https://firebaserules.googleapis.com/v1/projects/info-650fe/rulesets [none]
[debug] [2026-07-03T23:35:24.266Z] >>> [apiv2][body] POST https://firebaserules.googleapis.com/v1/projects/info-650fe/rulesets [omitted]
[debug] [2026-07-03T23:35:25.642Z] <<< [apiv2][status] POST https://firebaserules.googleapis.com/v1/projects/info-650fe/rulesets 200
[debug] [2026-07-03T23:35:25.643Z] <<< [apiv2][body] POST https://firebaserules.googleapis.com/v1/projects/info-650fe/rulesets {"name":"projects/info-650fe/rulesets/2654e7e4-1329-41fc-be1e-7b8eda7f93a4","source":{"files":[{"content":"rules_version = '2';\r\nservice cloud.firestore {\r\n  match /databases/{database}/documents {\r\n    function signedIn() {\r\n      return request.auth != null;\r\n    }\r\n\r\n    function isOwner(uid) {\r\n      return signedIn() && request.auth.uid == uid;\r\n    }\r\n\r\n    function isAdmin() {\n      return signedIn()\r\n        && exists(/databases/$(database)/documents/Usuario/$(request.auth.uid))\r\n        && (\r\n          get(/databases/$(database)/documents/Usuario/$(request.auth.uid)).data.admin == true\r\n          || get(/databases/$(database)/documents/Usuario/$(request.auth.uid)).data.tipo == 'admin'\r\n        );\r\n    }\r\n\r\n    function activePrestador(uid) {\r\n      return exists(/databases/$(database)/documents/Usuario/$(uid))\r\n        && get(/databases/$(database)/documents/Usuario/$(uid)).data.tipo == 'prestador'\r\n        && get(/databases/$(database)/documents/Usuario/$(uid)).data.contaAtiva == true\r\n        && get(/databases/$(database)/documents/Usuario/$(uid)).data.assinaturaAtiva != false;\r\n    }\r\n\r\n    function touchesBillingFields() {\n      return request.resource.data.diff(resource.data).changedKeys().hasAny([\r\n        'assinaturaAtiva',\r\n        'contaAtiva',\r\n        'dataCadastro',\r\n        'dataVencimento',\r\n        'ultimoPagamento',\r\n        'statusPagamento',\r\n        'valorMensalidade',\r\n        'bloqueadoEm',\r\n        'motivoBloqueio'\r\n      ]);\n    }\n\n    function touchesReviewFields() {\n      return request.resource.data.diff(resource.data).changedKeys().hasAny([\n        'avaliacaoNota', 'avaliacaoComentario', 'avaliacaoData', 'avaliacaoLiberada',\n        'avaliado', 'avaliacaoSoma', 'numeroAvaliacoes', 'avaliacao'\n      ]);\n    }\n\n    function validReviewUpdate() {\n      return signedIn()\n        && resource.data.clienteId == request.auth.uid\n        && resource.data.status == 'realizado'\n        && resource.data.avaliado != true\n        && request.resource.data.avaliado == true\n        && request.resource.data.avaliacaoNota is number\n        && request.resource.data.avaliacaoNota >= 1\n        && request.resource.data.avaliacaoNota <= 5\n        && request.resource.data.diff(resource.data).changedKeys().hasOnly([\n          'avaliacaoNota', 'avaliacaoComentario', 'avaliacaoData', 'avaliacaoLiberada', 'avaliado'\n        ]);\n    }\n\r\n    function participantIn(data) {\r\n      return signedIn()\r\n        && data.participants is list\r\n        && request.auth.uid in data.participants;\r\n    }\r\n\r\n    function areaParticipant(data) {\r\n      return signedIn()\r\n        && data.prestadoresIds is list\r\n        && request.auth.uid in data.prestadoresIds;\r\n    }\r\n\r\n    match /Usuario/{uid} {\r\n      allow create: if isOwner(uid)\n        && request.resource.data.tipo in ['prestador', 'contratante']\n        && (\n          !request.resource.data.keys().hasAny(['admin'])\n          || request.resource.data.admin == false\n        )\n        && (\n          request.resource.data.tipo == 'contratante'\n          || (\n            request.resource.data.assinaturaAtiva == false\n            && request.resource.data.contaAtiva == false\n            && request.resource.data.statusPagamento == 'primeiro_pagamento_pendente'\n          )\n        );\n\r\n      allow read: if isOwner(uid)\r\n        || isAdmin()\r\n        || (\r\n          resource.data.tipo == 'prestador'\r\n          && resource.data.contaAtiva == true\r\n          && resource.data.assinaturaAtiva != false\r\n        )\r\n        || (signedIn() && resource.data.tipo == 'contratante');\r\n\r\n      allow update: if isAdmin()\r\n        || (\r\n          isOwner(uid)\r\n          && !touchesBillingFields()\n          && !touchesReviewFields()\n          && !request.resource.data.diff(resource.data).changedKeys().hasAny(['admin', 'tipo'])\r\n        );\r\n\r\n      allow delete: if isOwner(uid) || isAdmin();\r\n\r\n      match /Mensalidades/{periodKey} {\r\n        allow read: if isOwner(uid) || isAdmin();\r\n        allow create, update, delete: if false;\r\n      }\r\n\r\n      match /Notificacoes/{notifId} {\n        allow read: if isOwner(uid) || isAdmin();\r\n        allow create, delete: if isAdmin();\r\n        allow update: if isAdmin()\r\n          || (\r\n            isOwner(uid)\r\n            && request.resource.data.diff(resource.data).changedKeys().hasOnly(['lida'])\r\n          );\r\n      }\n\n      match /PushTokens/{tokenId} {\n        allow read, create, update, delete: if isOwner(uid);\n      }\n\n      match /Disponibilidade/{diaId} {\n        allow read: if isOwner(uid) || isAdmin() || (signedIn() && activePrestador(uid));\n        allow create, update, delete: if isOwner(uid) || isAdmin();\n      }\n\n      match /Indisponibilidades/{periodoId} {\n        allow read: if isOwner(uid) || isAdmin() || (signedIn() && activePrestador(uid));\n        allow create, update, delete: if isOwner(uid) || isAdmin();\n      }\n\n      match /ReservasAgenda/{reservaId} {\n        allow read: if isOwner(uid) || isAdmin();\n        allow create: if signedIn()\n          && request.resource.data.senderId == request.auth.uid\n          && request.resource.data.text is string\n          && request.resource.data.text.size() > 0\n          && request.resource.data.text.size() <= 1000\n          && request.resource.data.keys().hasOnly(['text', 'senderId', 'createdAt', 'replyTo', 'readBy', 'attachment', 'location'])\n          && participantIn(getAfter(/databases/$(database)/documents/Chats/$(chatId)).data);\n        allow update, delete: if false;\n      }\n\n      match /Bloqueados/{blockedId} {\n        allow read, create, update, delete: if isOwner(uid);\n      }\n\n      match /Favoritos/{providerId} {\n        allow read, create, update, delete: if isOwner(uid)\n          && request.auth.uid != providerId;\n      }\n\r\n      match /Serv/{servId} {\r\n        allow read: if signedIn() && (isOwner(uid) || activePrestador(uid) || isAdmin());\r\n        allow create, update, delete: if isOwner(uid) || isAdmin();\r\n      }\r\n\r\n      match /Posts/{postId} {\r\n        allow read: if signedIn() && (isOwner(uid) || activePrestador(uid) || isAdmin());\r\n        allow create, update, delete: if isOwner(uid) || isAdmin();\r\n      }\r\n    }\r\n\r\n    match /ServicosAdds/{uid}/ServicosOferecidos/{servicoId} {\r\n      allow read: if signedIn() && (isOwner(uid) || activePrestador(uid) || isAdmin());\r\n      allow create, update, delete: if isOwner(uid) || isAdmin();\r\n    }\r\n\r\n    match /ServicosAgendados/{prestadorId}/ServicoStatus/{servicoId} {\n      allow read: if isAdmin()\r\n        || isOwner(prestadorId)\r\n        || (signedIn() && resource.data.clienteId == request.auth.uid);\r\n\r\n      allow create: if isAdmin()\r\n        || isOwner(prestadorId)\r\n        || (signedIn() && request.resource.data.clienteId == request.auth.uid);\r\n\r\n      allow update: if isAdmin()\n        || validReviewUpdate()\n        || (\n          !touchesReviewFields()\n          && (\n            isOwner(prestadorId)\n            || (signedIn() && resource.data.clienteId == request.auth.uid)\n            || (signedIn() && request.resource.data.clienteId == request.auth.uid)\n          )\n        );\n\r\n      allow delete: if isAdmin()\n        || isOwner(prestadorId)\n        || (signedIn() && resource.data.clienteId == request.auth.uid);\n\n      match /Propostas/{propostaId} {\n        allow read: if isAdmin() || isOwner(prestadorId)\n          || (signedIn() && get(/databases/$(database)/documents/ServicosAgendados/$(prestadorId)/ServicoStatus/$(servicoId)).data.clienteId == request.auth.uid);\n        allow write: if false;\n      }\n    }\n\r\n    match /ServicosClientes/{clienteId}/ServicoStatus/{servicoId} {\n      allow read: if isAdmin()\r\n        || isOwner(clienteId)\r\n        || (signedIn() && resource.data.clienteId == request.auth.uid)\r\n        || (signedIn() && resource.data.prestadorId == request.auth.uid);\r\n\r\n      allow create: if isAdmin()\r\n        || isOwner(clienteId)\r\n        || (signedIn() && request.resource.data.prestadorId == request.auth.uid);\r\n\r\n      allow update: if isAdmin()\n        || validReviewUpdate()\n        || (\n          !touchesReviewFields()\n          && (\n            isOwner(clienteId)\n            || (signedIn() && resource.data.prestadorId == request.auth.uid)\n            || (signedIn() && request.resource.data.prestadorId == request.auth.uid)\n          )\n        );\n\r\n      allow delete: if isAdmin()\n        || isOwner(clienteId)\n        || (signedIn() && resource.data.prestadorId == request.auth.uid);\n\n      match /Propostas/{propostaId} {\n        allow read: if isAdmin() || isOwner(clienteId)\n          || (signedIn() && get(/databases/$(database)/documents/ServicosClientes/$(clienteId)/ServicoStatus/$(servicoId)).data.prestadorId == request.auth.uid);\n        allow write: if false;\n      }\n    }\n\r\n    match /ServicosRejeitados/{prestadorId}/ServicoStatus/{servicoId} {\r\n      allow read, create, update, delete: if isOwner(prestadorId) || isAdmin();\r\n    }\r\n\r\n    match /SolicitacoesArea/{requestId} {\r\n      allow read: if isAdmin()\r\n        || (signedIn() && resource.data.clienteId == request.auth.uid)\r\n        || areaParticipant(resource.data);\r\n\r\n      allow create: if signedIn() && request.resource.data.clienteId == request.auth.uid;\r\n\r\n      allow update: if isAdmin()\r\n        || (signedIn() && resource.data.clienteId == request.auth.uid)\r\n        || areaParticipant(resource.data);\r\n\r\n      allow delete: if isAdmin()\r\n        || (signedIn() && resource.data.clienteId == request.auth.uid);\r\n    }\r\n\r\n    match /SolicitacoesMensalidade/{requestId} {\n      allow read: if isAdmin()\r\n        || (signedIn() && resource.data.uid == request.auth.uid);\r\n\r\n      allow create: if signedIn()\r\n        && request.resource.data.uid == request.auth.uid\r\n        && request.resource.data.status == 'pendente';\r\n\r\n      allow update, delete: if isAdmin();\n    }\n\n    function isContratante() {\n      return signedIn()\n        && exists(/databases/$(database)/documents/Usuario/$(request.auth.uid))\n        && get(/databases/$(database)/documents/Usuario/$(request.auth.uid)).data.tipo == 'contratante';\n    }\n\n    match /ProblemasServicos/{problemaId} {\n      allow read: if isAdmin()\n        || (signedIn() && resource.data.clienteId == request.auth.uid)\n        || (signedIn() && resource.data.prestadorId == request.auth.uid);\n\n      allow create: if signedIn()\n        && request.resource.data.relatorId == request.auth.uid\n        && (\n          request.resource.data.clienteId == request.auth.uid\n          || request.resource.data.prestadorId == request.auth.uid\n        )\n        && request.resource.data.status == 'pendente';\n\n      allow update: if isAdmin()\n        || (\n          signedIn()\n          && resource.data.relatorId == request.auth.uid\n          && request.resource.data.relatorId == resource.data.relatorId\n          && request.resource.data.clienteId == resource.data.clienteId\n          && request.resource.data.prestadorId == resource.data.prestadorId\n          && request.resource.data.status == 'pendente'\n          && request.resource.data.diff(resource.data).changedKeys().hasOnly(['descricao', 'criadoEm'])\n        );\n      allow delete: if isAdmin();\n    }\n\n    match /LocalizacoesPrestadores/{prestadorId} {\n      allow read: if isOwner(prestadorId)\n        || isAdmin()\n        || (\n          isContratante()\n          && activePrestador(prestadorId)\n          && resource.data.expiresAt > request.time\n        );\n\n      allow create, update: if isOwner(prestadorId)\n        && activePrestador(prestadorId)\n        && request.resource.data.prestadorId == prestadorId\n        && request.resource.data.latitude is number\n        && request.resource.data.latitude >= -90\n        && request.resource.data.latitude <= 90\n        && request.resource.data.longitude is number\n        && request.resource.data.longitude >= -180\n        && request.resource.data.longitude <= 180\n        && request.resource.data.expiresAt is timestamp\n        && request.resource.data.expiresAt > request.time\n        && request.resource.data.expiresAt <= request.time + duration.value(3, 'h')\n        && request.resource.data.keys().hasOnly([\n          'prestadorId', 'latitude', 'longitude', 'accuracy', 'updatedAt', 'expiresAt'\n        ]);\n\n      allow delete: if isOwner(prestadorId) || isAdmin();\n    }\n\n    match /Denuncias/{denunciaId} {\n      allow create: if signedIn()\n        && request.resource.data.reporterId == request.auth.uid\n        && request.resource.data.status == 'pendente';\n      allow read: if isAdmin() || (signedIn() && resource.data.reporterId == request.auth.uid);\n      allow update, delete: if isAdmin();\n    }\n\n    match /Chats/{chatId} {\n      allow read, delete: if participantIn(resource.data) || isAdmin();\n      allow create: if isAdmin()\n        || (\n          participantIn(request.resource.data)\n          && request.resource.data.participants.size() == 2\n          && request.resource.data.keys().hasOnly([\n            'participants', 'lastMessage', 'lastMessageAt', 'updatedAt', 'unreadFor'\n          ])\n        );\n      allow update: if isAdmin()\n        || (\n          participantIn(resource.data)\n          && request.resource.data.participants == resource.data.participants\n          && request.resource.data.diff(resource.data).changedKeys().hasOnly([\n            'lastMessage', 'lastMessageAt', 'updatedAt', 'unreadFor'\n          ])\n        );\n\r\n      match /Messages/{messageId} {\r\n        allow read: if isAdmin()\r\n          || participantIn(get(/databases/$(database)/documents/Chats/$(chatId)).data);\r\n\r\n        allow create, update, delete: if false;\n      }\n\n      match /Presence/{presenceUid} {\n        allow read: if isAdmin()\n          || participantIn(get(/databases/$(database)/documents/Chats/$(chatId)).data);\n        allow create, update, delete: if signedIn()\n          && request.auth.uid == presenceUid\n          && participantIn(get(/databases/$(database)/documents/Chats/$(chatId)).data);\n      }\n    }\r\n\r\n    match /MercadoPagoWebhooks/{webhookId} {\n      allow read, write: if false;\n    }\n\n    match /AuditLogs/{logId} {\n      allow read: if isAdmin();\n      allow write: if false;\n    }\n\n    match /PublicConfig/{configId} {\n      allow read: if signedIn();\n      allow write: if isAdmin();\n    }\n\n    match /RateLimits/{limitId} {\n      allow read, write: if false;\n    }\n\r\n    match /{document=**} {\r\n      allow read, write: if false;\r\n    }\r\n  }\r\n}\r\n","name":"firestore.rules"}]},"createTime":"2026-07-03T23:35:25.537647Z","metadata":{"services":["cloud.firestore"]}}
[debug] [2026-07-03T23:35:25.643Z] [rules] created ruleset projects/info-650fe/rulesets/2654e7e4-1329-41fc-be1e-7b8eda7f93a4
[debug] [2026-07-03T23:35:25.644Z] [rules] releasing cloud.firestore with ruleset projects/info-650fe/rulesets/2654e7e4-1329-41fc-be1e-7b8eda7f93a4
[debug] [2026-07-03T23:35:25.645Z] Checked if tokens are valid: true, expires at: 1783124615943
[debug] [2026-07-03T23:35:25.645Z] Checked if tokens are valid: true, expires at: 1783124615943
[debug] [2026-07-03T23:35:25.646Z] >>> [apiv2][query] PATCH https://firebaserules.googleapis.com/v1/projects/info-650fe/releases/cloud.firestore [none]
[debug] [2026-07-03T23:35:25.646Z] >>> [apiv2][body] PATCH https://firebaserules.googleapis.com/v1/projects/info-650fe/releases/cloud.firestore {"release":{"name":"projects/info-650fe/releases/cloud.firestore","rulesetName":"projects/info-650fe/rulesets/2654e7e4-1329-41fc-be1e-7b8eda7f93a4"}}
[debug] [2026-07-03T23:35:26.948Z] <<< [apiv2][status] PATCH https://firebaserules.googleapis.com/v1/projects/info-650fe/releases/cloud.firestore 200
[debug] [2026-07-03T23:35:26.949Z] <<< [apiv2][body] PATCH https://firebaserules.googleapis.com/v1/projects/info-650fe/releases/cloud.firestore {"name":"projects/info-650fe/releases/cloud.firestore","rulesetName":"projects/info-650fe/rulesets/2654e7e4-1329-41fc-be1e-7b8eda7f93a4","createTime":"2025-09-18T19:47:32.071496Z","updateTime":"2026-07-03T23:35:26.827163Z"}
[debug] [2026-07-03T23:35:26.949Z] [rules] updated release projects/info-650fe/releases/cloud.firestore
[info] +  firestore: released rules firestore.rules to cloud.firestore 
[info] 
[info] +  Deploy complete! 
[info] 
[info] Project Console: https://console.firebase.google.com/project/info-650fe/overview
[debug] [2026-07-03T23:36:10.649Z] ----------------------------------------------------------------------
[debug] [2026-07-03T23:36:10.652Z] Command:       C:\Program Files\nodejs\node.exe C:\Users\Usuário\Downloads\TCC_2026-4\TCC_2026-4\node_modules\firebase-tools\lib\bin\firebase.js deploy --only firestore:rules --project info-650fe --non-interactive
[debug] [2026-07-03T23:36:10.652Z] CLI Version:   15.22.4
[debug] [2026-07-03T23:36:10.652Z] Platform:      win32
[debug] [2026-07-03T23:36:10.652Z] Node Version:  v24.18.0
[debug] [2026-07-03T23:36:10.652Z] Detected Agent: codex_cli
[debug] [2026-07-03T23:36:10.652Z] Time:          Fri Jul 03 2026 20:36:10 GMT-0300 (Horário Padrão de Brasília)
[debug] [2026-07-03T23:36:10.653Z] ----------------------------------------------------------------------
[debug] 
[debug] [2026-07-03T23:36:12.858Z] > command requires scopes: ["email","openid","https://www.googleapis.com/auth/cloudplatformprojects.readonly","https://www.googleapis.com/auth/firebase","https://www.googleapis.com/auth/cloud-platform"]
[debug] [2026-07-03T23:36:12.859Z] > authorizing via signed-in user (mig180506@gmail.com)
[debug] [2026-07-03T23:36:12.859Z] [iam] checking project info-650fe for permissions ["datastore.indexes.create","datastore.indexes.delete","datastore.indexes.list","datastore.indexes.update","firebase.projects.get"]
[debug] [2026-07-03T23:36:12.861Z] Checked if tokens are valid: true, expires at: 1783124615943
[debug] [2026-07-03T23:36:12.861Z] Checked if tokens are valid: true, expires at: 1783124615943
[debug] [2026-07-03T23:36:12.862Z] >>> [apiv2][query] POST https://cloudresourcemanager.googleapis.com/v1/projects/info-650fe:testIamPermissions [none]
[debug] [2026-07-03T23:36:12.862Z] >>> [apiv2][(partial)header] POST https://cloudresourcemanager.googleapis.com/v1/projects/info-650fe:testIamPermissions  x-goog-user-project=info-650fe
[debug] [2026-07-03T23:36:12.863Z] >>> [apiv2][body] POST https://cloudresourcemanager.googleapis.com/v1/projects/info-650fe:testIamPermissions {"permissions":["datastore.indexes.create","datastore.indexes.delete","datastore.indexes.list","datastore.indexes.update","firebase.projects.get"]}
[debug] [2026-07-03T23:36:13.884Z] <<< [apiv2][status] POST https://cloudresourcemanager.googleapis.com/v1/projects/info-650fe:testIamPermissions 200
[debug] [2026-07-03T23:36:13.884Z] <<< [apiv2][body] POST https://cloudresourcemanager.googleapis.com/v1/projects/info-650fe:testIamPermissions {"permissions":["datastore.indexes.create","datastore.indexes.delete","datastore.indexes.list","datastore.indexes.update","firebase.projects.get"]}
[info] 
[info] === Deploying to 'info-650fe'...
[info] 
[info] i  deploying firestore 
[info] i  firestore: ensuring required API firestore.googleapis.com is enabled... 
[info] i  firestore: ensuring required API firestore.googleapis.com is enabled... 
[debug] [2026-07-03T23:36:13.889Z] Checked if tokens are valid: true, expires at: 1783124615943
[debug] [2026-07-03T23:36:13.890Z] Checked if tokens are valid: true, expires at: 1783124615943
[debug] [2026-07-03T23:36:13.890Z] >>> [apiv2][query] GET https://firestore.googleapis.com/v1/projects/info-650fe/databases/(default) [none]
[debug] [2026-07-03T23:36:15.011Z] <<< [apiv2][status] GET https://firestore.googleapis.com/v1/projects/info-650fe/databases/(default) 200
[debug] [2026-07-03T23:36:15.011Z] <<< [apiv2][body] GET https://firestore.googleapis.com/v1/projects/info-650fe/databases/(default) {"name":"projects/info-650fe/databases/(default)","uid":"a3e74f01-2017-440c-bdb8-b56f294909fc","createTime":"2025-09-18T19:47:27.097957Z","updateTime":"2025-09-18T19:47:27.097957Z","locationId":"nam5","type":"FIRESTORE_NATIVE","concurrencyMode":"PESSIMISTIC","versionRetentionPeriod":"3600s","earliestVersionTime":"2026-07-03T22:36:14.922746Z","appEngineIntegrationMode":"DISABLED","keyPrefix":"s","pointInTimeRecoveryEnablement":"POINT_IN_TIME_RECOVERY_DISABLED","deleteProtectionState":"DELETE_PROTECTION_DISABLED","databaseEdition":"STANDARD","freeTier":true,"realtimeUpdatesMode":"REALTIME_UPDATES_MODE_ENABLED","etag":"IIiV8Z/Wt5UDMMHHkKC15pID"}
[info] i  cloud.firestore: checking firestore.rules for compilation errors... 
[debug] [2026-07-03T23:36:15.013Z] Checked if tokens are valid: true, expires at: 1783124615943
[debug] [2026-07-03T23:36:15.013Z] Checked if tokens are valid: true, expires at: 1783124615943
[debug] [2026-07-03T23:36:15.014Z] >>> [apiv2][query] POST https://firebaserules.googleapis.com/v1/projects/info-650fe:test [none]
[debug] [2026-07-03T23:36:15.014Z] >>> [apiv2][body] POST https://firebaserules.googleapis.com/v1/projects/info-650fe:test [omitted]
[debug] [2026-07-03T23:36:16.309Z] <<< [apiv2][status] POST https://firebaserules.googleapis.com/v1/projects/info-650fe:test 200
[debug] [2026-07-03T23:36:16.309Z] <<< [apiv2][body] POST https://firebaserules.googleapis.com/v1/projects/info-650fe:test {}
[info] +  cloud.firestore: rules file firestore.rules compiled successfully 
[debug] [2026-07-03T23:36:16.311Z] Checked if tokens are valid: true, expires at: 1783124615943
[debug] [2026-07-03T23:36:16.312Z] Checked if tokens are valid: true, expires at: 1783124615943
[debug] [2026-07-03T23:36:16.312Z] >>> [apiv2][query] GET https://firebaserules.googleapis.com/v1/projects/info-650fe/releases pageSize=10&pageToken=
[debug] [2026-07-03T23:36:17.597Z] <<< [apiv2][status] GET https://firebaserules.googleapis.com/v1/projects/info-650fe/releases 200
[debug] [2026-07-03T23:36:17.597Z] <<< [apiv2][body] GET https://firebaserules.googleapis.com/v1/projects/info-650fe/releases {"releases":[{"name":"projects/info-650fe/releases/cloud.firestore","rulesetName":"projects/info-650fe/rulesets/2654e7e4-1329-41fc-be1e-7b8eda7f93a4","createTime":"2025-09-18T19:47:32.071496Z","updateTime":"2026-07-03T23:35:26.827163Z"}]}
[debug] [2026-07-03T23:36:17.598Z] Checked if tokens are valid: true, expires at: 1783124615943
[debug] [2026-07-03T23:36:17.598Z] Checked if tokens are valid: true, expires at: 1783124615943
[debug] [2026-07-03T23:36:17.599Z] >>> [apiv2][query] GET https://firebaserules.googleapis.com/v1/projects/info-650fe/rulesets/2654e7e4-1329-41fc-be1e-7b8eda7f93a4 [none]
[debug] [2026-07-03T23:36:18.783Z] <<< [apiv2][status] GET https://firebaserules.googleapis.com/v1/projects/info-650fe/rulesets/2654e7e4-1329-41fc-be1e-7b8eda7f93a4 200
[debug] [2026-07-03T23:36:18.783Z] <<< [apiv2][body] GET https://firebaserules.googleapis.com/v1/projects/info-650fe/rulesets/2654e7e4-1329-41fc-be1e-7b8eda7f93a4 [omitted]
[info] i  firestore: uploading rules firestore.rules... 
[debug] [2026-07-03T23:36:18.786Z] Checked if tokens are valid: true, expires at: 1783124615943
[debug] [2026-07-03T23:36:18.786Z] Checked if tokens are valid: true, expires at: 1783124615943
[debug] [2026-07-03T23:36:18.787Z] >>> [apiv2][query] POST https://firebaserules.googleapis.com/v1/projects/info-650fe/rulesets [none]
[debug] [2026-07-03T23:36:18.787Z] >>> [apiv2][body] POST https://firebaserules.googleapis.com/v1/projects/info-650fe/rulesets [omitted]
[debug] [2026-07-03T23:36:20.004Z] <<< [apiv2][status] POST https://firebaserules.googleapis.com/v1/projects/info-650fe/rulesets 200
[debug] [2026-07-03T23:36:20.005Z] <<< [apiv2][body] POST https://firebaserules.googleapis.com/v1/projects/info-650fe/rulesets {"name":"projects/info-650fe/rulesets/950137c4-0af4-480b-9c4e-1fef48a132bb","source":{"files":[{"content":"rules_version = '2';\r\nservice cloud.firestore {\r\n  match /databases/{database}/documents {\r\n    function signedIn() {\r\n      return request.auth != null;\r\n    }\r\n\r\n    function isOwner(uid) {\r\n      return signedIn() && request.auth.uid == uid;\r\n    }\r\n\r\n    function isAdmin() {\n      return signedIn()\r\n        && exists(/databases/$(database)/documents/Usuario/$(request.auth.uid))\r\n        && (\r\n          get(/databases/$(database)/documents/Usuario/$(request.auth.uid)).data.admin == true\r\n          || get(/databases/$(database)/documents/Usuario/$(request.auth.uid)).data.tipo == 'admin'\r\n        );\r\n    }\r\n\r\n    function activePrestador(uid) {\r\n      return exists(/databases/$(database)/documents/Usuario/$(uid))\r\n        && get(/databases/$(database)/documents/Usuario/$(uid)).data.tipo == 'prestador'\r\n        && get(/databases/$(database)/documents/Usuario/$(uid)).data.contaAtiva == true\r\n        && get(/databases/$(database)/documents/Usuario/$(uid)).data.assinaturaAtiva != false;\r\n    }\r\n\r\n    function touchesBillingFields() {\n      return request.resource.data.diff(resource.data).changedKeys().hasAny([\r\n        'assinaturaAtiva',\r\n        'contaAtiva',\r\n        'dataCadastro',\r\n        'dataVencimento',\r\n        'ultimoPagamento',\r\n        'statusPagamento',\r\n        'valorMensalidade',\r\n        'bloqueadoEm',\r\n        'motivoBloqueio'\r\n      ]);\n    }\n\n    function touchesReviewFields() {\n      return request.resource.data.diff(resource.data).changedKeys().hasAny([\n        'avaliacaoNota', 'avaliacaoComentario', 'avaliacaoData', 'avaliacaoLiberada',\n        'avaliado', 'avaliacaoSoma', 'numeroAvaliacoes', 'avaliacao'\n      ]);\n    }\n\n    function validReviewUpdate() {\n      return signedIn()\n        && resource.data.clienteId == request.auth.uid\n        && resource.data.status == 'realizado'\n        && resource.data.avaliado != true\n        && request.resource.data.avaliado == true\n        && request.resource.data.avaliacaoNota is number\n        && request.resource.data.avaliacaoNota >= 1\n        && request.resource.data.avaliacaoNota <= 5\n        && request.resource.data.diff(resource.data).changedKeys().hasOnly([\n          'avaliacaoNota', 'avaliacaoComentario', 'avaliacaoData', 'avaliacaoLiberada', 'avaliado'\n        ]);\n    }\n\r\n    function participantIn(data) {\r\n      return signedIn()\r\n        && data.participants is list\r\n        && request.auth.uid in data.participants;\r\n    }\r\n\r\n    function areaParticipant(data) {\r\n      return signedIn()\r\n        && data.prestadoresIds is list\r\n        && request.auth.uid in data.prestadoresIds;\r\n    }\r\n\r\n    match /Usuario/{uid} {\r\n      allow create: if isOwner(uid)\n        && request.resource.data.tipo in ['prestador', 'contratante']\n        && (\n          !request.resource.data.keys().hasAny(['admin'])\n          || request.resource.data.admin == false\n        )\n        && (\n          request.resource.data.tipo == 'contratante'\n          || (\n            request.resource.data.assinaturaAtiva == false\n            && request.resource.data.contaAtiva == false\n            && request.resource.data.statusPagamento == 'primeiro_pagamento_pendente'\n          )\n        );\n\r\n      allow read: if isOwner(uid)\r\n        || isAdmin()\r\n        || (\r\n          resource.data.tipo == 'prestador'\r\n          && resource.data.contaAtiva == true\r\n          && resource.data.assinaturaAtiva != false\r\n        )\r\n        || (signedIn() && resource.data.tipo == 'contratante');\r\n\r\n      allow update: if isAdmin()\r\n        || (\r\n          isOwner(uid)\r\n          && !touchesBillingFields()\n          && !touchesReviewFields()\n          && !request.resource.data.diff(resource.data).changedKeys().hasAny(['admin', 'tipo'])\r\n        );\r\n\r\n      allow delete: if isOwner(uid) || isAdmin();\r\n\r\n      match /Mensalidades/{periodKey} {\r\n        allow read: if isOwner(uid) || isAdmin();\r\n        allow create, update, delete: if false;\r\n      }\r\n\r\n      match /Notificacoes/{notifId} {\n        allow read: if isOwner(uid) || isAdmin();\r\n        allow create, delete: if isAdmin();\r\n        allow update: if isAdmin()\r\n          || (\r\n            isOwner(uid)\r\n            && request.resource.data.diff(resource.data).changedKeys().hasOnly(['lida'])\r\n          );\r\n      }\n\n      match /PushTokens/{tokenId} {\n        allow read, create, update, delete: if isOwner(uid);\n      }\n\n      match /Disponibilidade/{diaId} {\n        allow read: if isOwner(uid) || isAdmin() || (signedIn() && activePrestador(uid));\n        allow create, update, delete: if isOwner(uid) || isAdmin();\n      }\n\n      match /Indisponibilidades/{periodoId} {\n        allow read: if isOwner(uid) || isAdmin() || (signedIn() && activePrestador(uid));\n        allow create, update, delete: if isOwner(uid) || isAdmin();\n      }\n\n      match /ReservasAgenda/{reservaId} {\n        allow read: if isOwner(uid) || isAdmin();\n        allow create, update, delete: if false;\n      }\n\n      match /Bloqueados/{blockedId} {\n        allow read, create, update, delete: if isOwner(uid);\n      }\n\n      match /Favoritos/{providerId} {\n        allow read, create, update, delete: if isOwner(uid)\n          && request.auth.uid != providerId;\n      }\n\r\n      match /Serv/{servId} {\r\n        allow read: if signedIn() && (isOwner(uid) || activePrestador(uid) || isAdmin());\r\n        allow create, update, delete: if isOwner(uid) || isAdmin();\r\n      }\r\n\r\n      match /Posts/{postId} {\r\n        allow read: if signedIn() && (isOwner(uid) || activePrestador(uid) || isAdmin());\r\n        allow create, update, delete: if isOwner(uid) || isAdmin();\r\n      }\r\n    }\r\n\r\n    match /ServicosAdds/{uid}/ServicosOferecidos/{servicoId} {\r\n      allow read: if signedIn() && (isOwner(uid) || activePrestador(uid) || isAdmin());\r\n      allow create, update, delete: if isOwner(uid) || isAdmin();\r\n    }\r\n\r\n    match /ServicosAgendados/{prestadorId}/ServicoStatus/{servicoId} {\n      allow read: if isAdmin()\r\n        || isOwner(prestadorId)\r\n        || (signedIn() && resource.data.clienteId == request.auth.uid);\r\n\r\n      allow create: if isAdmin()\r\n        || isOwner(prestadorId)\r\n        || (signedIn() && request.resource.data.clienteId == request.auth.uid);\r\n\r\n      allow update: if isAdmin()\n        || validReviewUpdate()\n        || (\n          !touchesReviewFields()\n          && (\n            isOwner(prestadorId)\n            || (signedIn() && resource.data.clienteId == request.auth.uid)\n            || (signedIn() && request.resource.data.clienteId == request.auth.uid)\n          )\n        );\n\r\n      allow delete: if isAdmin()\n        || isOwner(prestadorId)\n        || (signedIn() && resource.data.clienteId == request.auth.uid);\n\n      match /Propostas/{propostaId} {\n        allow read: if isAdmin() || isOwner(prestadorId)\n          || (signedIn() && get(/databases/$(database)/documents/ServicosAgendados/$(prestadorId)/ServicoStatus/$(servicoId)).data.clienteId == request.auth.uid);\n        allow write: if false;\n      }\n    }\n\r\n    match /ServicosClientes/{clienteId}/ServicoStatus/{servicoId} {\n      allow read: if isAdmin()\r\n        || isOwner(clienteId)\r\n        || (signedIn() && resource.data.clienteId == request.auth.uid)\r\n        || (signedIn() && resource.data.prestadorId == request.auth.uid);\r\n\r\n      allow create: if isAdmin()\r\n        || isOwner(clienteId)\r\n        || (signedIn() && request.resource.data.prestadorId == request.auth.uid);\r\n\r\n      allow update: if isAdmin()\n        || validReviewUpdate()\n        || (\n          !touchesReviewFields()\n          && (\n            isOwner(clienteId)\n            || (signedIn() && resource.data.prestadorId == request.auth.uid)\n            || (signedIn() && request.resource.data.prestadorId == request.auth.uid)\n          )\n        );\n\r\n      allow delete: if isAdmin()\n        || isOwner(clienteId)\n        || (signedIn() && resource.data.prestadorId == request.auth.uid);\n\n      match /Propostas/{propostaId} {\n        allow read: if isAdmin() || isOwner(clienteId)\n          || (signedIn() && get(/databases/$(database)/documents/ServicosClientes/$(clienteId)/ServicoStatus/$(servicoId)).data.prestadorId == request.auth.uid);\n        allow write: if false;\n      }\n    }\n\r\n    match /ServicosRejeitados/{prestadorId}/ServicoStatus/{servicoId} {\r\n      allow read, create, update, delete: if isOwner(prestadorId) || isAdmin();\r\n    }\r\n\r\n    match /SolicitacoesArea/{requestId} {\r\n      allow read: if isAdmin()\r\n        || (signedIn() && resource.data.clienteId == request.auth.uid)\r\n        || areaParticipant(resource.data);\r\n\r\n      allow create: if signedIn() && request.resource.data.clienteId == request.auth.uid;\r\n\r\n      allow update: if isAdmin()\r\n        || (signedIn() && resource.data.clienteId == request.auth.uid)\r\n        || areaParticipant(resource.data);\r\n\r\n      allow delete: if isAdmin()\r\n        || (signedIn() && resource.data.clienteId == request.auth.uid);\r\n    }\r\n\r\n    match /SolicitacoesMensalidade/{requestId} {\n      allow read: if isAdmin()\r\n        || (signedIn() && resource.data.uid == request.auth.uid);\r\n\r\n      allow create: if signedIn()\r\n        && request.resource.data.uid == request.auth.uid\r\n        && request.resource.data.status == 'pendente';\r\n\r\n      allow update, delete: if isAdmin();\n    }\n\n    function isContratante() {\n      return signedIn()\n        && exists(/databases/$(database)/documents/Usuario/$(request.auth.uid))\n        && get(/databases/$(database)/documents/Usuario/$(request.auth.uid)).data.tipo == 'contratante';\n    }\n\n    match /ProblemasServicos/{problemaId} {\n      allow read: if isAdmin()\n        || (signedIn() && resource.data.clienteId == request.auth.uid)\n        || (signedIn() && resource.data.prestadorId == request.auth.uid);\n\n      allow create: if signedIn()\n        && request.resource.data.relatorId == request.auth.uid\n        && (\n          request.resource.data.clienteId == request.auth.uid\n          || request.resource.data.prestadorId == request.auth.uid\n        )\n        && request.resource.data.status == 'pendente';\n\n      allow update: if isAdmin()\n        || (\n          signedIn()\n          && resource.data.relatorId == request.auth.uid\n          && request.resource.data.relatorId == resource.data.relatorId\n          && request.resource.data.clienteId == resource.data.clienteId\n          && request.resource.data.prestadorId == resource.data.prestadorId\n          && request.resource.data.status == 'pendente'\n          && request.resource.data.diff(resource.data).changedKeys().hasOnly(['descricao', 'criadoEm'])\n        );\n      allow delete: if isAdmin();\n    }\n\n    match /LocalizacoesPrestadores/{prestadorId} {\n      allow read: if isOwner(prestadorId)\n        || isAdmin()\n        || (\n          isContratante()\n          && activePrestador(prestadorId)\n          && resource.data.expiresAt > request.time\n        );\n\n      allow create, update: if isOwner(prestadorId)\n        && activePrestador(prestadorId)\n        && request.resource.data.prestadorId == prestadorId\n        && request.resource.data.latitude is number\n        && request.resource.data.latitude >= -90\n        && request.resource.data.latitude <= 90\n        && request.resource.data.longitude is number\n        && request.resource.data.longitude >= -180\n        && request.resource.data.longitude <= 180\n        && request.resource.data.expiresAt is timestamp\n        && request.resource.data.expiresAt > request.time\n        && request.resource.data.expiresAt <= request.time + duration.value(3, 'h')\n        && request.resource.data.keys().hasOnly([\n          'prestadorId', 'latitude', 'longitude', 'accuracy', 'updatedAt', 'expiresAt'\n        ]);\n\n      allow delete: if isOwner(prestadorId) || isAdmin();\n    }\n\n    match /Denuncias/{denunciaId} {\n      allow create: if signedIn()\n        && request.resource.data.reporterId == request.auth.uid\n        && request.resource.data.status == 'pendente';\n      allow read: if isAdmin() || (signedIn() && resource.data.reporterId == request.auth.uid);\n      allow update, delete: if isAdmin();\n    }\n\n    match /Chats/{chatId} {\n      allow read, delete: if participantIn(resource.data) || isAdmin();\n      allow create: if isAdmin()\n        || (\n          participantIn(request.resource.data)\n          && request.resource.data.participants.size() == 2\n          && request.resource.data.keys().hasOnly([\n            'participants', 'lastMessage', 'lastMessageAt', 'updatedAt', 'unreadFor'\n          ])\n        );\n      allow update: if isAdmin()\n        || (\n          participantIn(resource.data)\n          && request.resource.data.participants == resource.data.participants\n          && request.resource.data.diff(resource.data).changedKeys().hasOnly([\n            'lastMessage', 'lastMessageAt', 'updatedAt', 'unreadFor'\n          ])\n        );\n\r\n      match /Messages/{messageId} {\n        allow read: if isAdmin()\n          || participantIn(get(/databases/$(database)/documents/Chats/$(chatId)).data);\n\n        allow create: if signedIn()\n          && request.resource.data.senderId == request.auth.uid\n          && request.resource.data.text is string\n          && request.resource.data.text.size() > 0\n          && request.resource.data.text.size() <= 1000\n          && request.resource.data.keys().hasOnly(['text', 'senderId', 'createdAt', 'replyTo', 'readBy', 'attachment', 'location'])\n          && participantIn(getAfter(/databases/$(database)/documents/Chats/$(chatId)).data);\n        allow update, delete: if false;\n      }\n\n      match /Presence/{presenceUid} {\n        allow read: if isAdmin()\n          || participantIn(get(/databases/$(database)/documents/Chats/$(chatId)).data);\n        allow create, update, delete: if signedIn()\n          && request.auth.uid == presenceUid\n          && participantIn(get(/databases/$(database)/documents/Chats/$(chatId)).data);\n      }\n    }\r\n\r\n    match /MercadoPagoWebhooks/{webhookId} {\n      allow read, write: if false;\n    }\n\n    match /AuditLogs/{logId} {\n      allow read: if isAdmin();\n      allow write: if false;\n    }\n\n    match /PublicConfig/{configId} {\n      allow read: if signedIn();\n      allow write: if isAdmin();\n    }\n\n    match /RateLimits/{limitId} {\n      allow read, write: if false;\n    }\n\r\n    match /{document=**} {\r\n      allow read, write: if false;\r\n    }\r\n  }\r\n}\r\n","name":"firestore.rules"}]},"createTime":"2026-07-03T23:36:19.901311Z","metadata":{"services":["cloud.firestore"]}}
[debug] [2026-07-03T23:36:20.005Z] [rules] created ruleset projects/info-650fe/rulesets/950137c4-0af4-480b-9c4e-1fef48a132bb
[debug] [2026-07-03T23:36:20.006Z] [rules] releasing cloud.firestore with ruleset projects/info-650fe/rulesets/950137c4-0af4-480b-9c4e-1fef48a132bb
[debug] [2026-07-03T23:36:20.007Z] Checked if tokens are valid: true, expires at: 1783124615943
[debug] [2026-07-03T23:36:20.007Z] Checked if tokens are valid: true, expires at: 1783124615943
[debug] [2026-07-03T23:36:20.008Z] >>> [apiv2][query] PATCH https://firebaserules.googleapis.com/v1/projects/info-650fe/releases/cloud.firestore [none]
[debug] [2026-07-03T23:36:20.008Z] >>> [apiv2][body] PATCH https://firebaserules.googleapis.com/v1/projects/info-650fe/releases/cloud.firestore {"release":{"name":"projects/info-650fe/releases/cloud.firestore","rulesetName":"projects/info-650fe/rulesets/950137c4-0af4-480b-9c4e-1fef48a132bb"}}
[debug] [2026-07-03T23:36:21.269Z] <<< [apiv2][status] PATCH https://firebaserules.googleapis.com/v1/projects/info-650fe/releases/cloud.firestore 200
[debug] [2026-07-03T23:36:21.270Z] <<< [apiv2][body] PATCH https://firebaserules.googleapis.com/v1/projects/info-650fe/releases/cloud.firestore {"name":"projects/info-650fe/releases/cloud.firestore","rulesetName":"projects/info-650fe/rulesets/950137c4-0af4-480b-9c4e-1fef48a132bb","createTime":"2025-09-18T19:47:32.071496Z","updateTime":"2026-07-03T23:36:21.161886Z"}
[debug] [2026-07-03T23:36:21.270Z] [rules] updated release projects/info-650fe/releases/cloud.firestore
[info] +  firestore: released rules firestore.rules to cloud.firestore 
[info] 
[info] +  Deploy complete! 
[info] 
[info] Project Console: https://console.firebase.google.com/project/info-650fe/overview
[debug] [2026-07-04T00:55:02.413Z] ----------------------------------------------------------------------
[debug] [2026-07-04T00:55:02.416Z] Command:       C:\Program Files\nodejs\node.exe C:\Users\Usuário\Downloads\TCC_2026-4\TCC_2026-4\node_modules\firebase-tools\lib\bin\firebase.js deploy --only firestore:rules --project info-650fe --non-interactive
[debug] [2026-07-04T00:55:02.416Z] CLI Version:   15.22.4
[debug] [2026-07-04T00:55:02.416Z] Platform:      win32
[debug] [2026-07-04T00:55:02.416Z] Node Version:  v24.18.0
[debug] [2026-07-04T00:55:02.416Z] Detected Agent: codex_cli
[debug] [2026-07-04T00:55:02.417Z] Time:          Fri Jul 03 2026 21:55:02 GMT-0300 (Horário Padrão de Brasília)
[debug] [2026-07-04T00:55:02.417Z] ----------------------------------------------------------------------
[debug] 
[debug] [2026-07-04T00:55:05.604Z] > command requires scopes: ["email","openid","https://www.googleapis.com/auth/cloudplatformprojects.readonly","https://www.googleapis.com/auth/firebase","https://www.googleapis.com/auth/cloud-platform"]
[debug] [2026-07-04T00:55:05.605Z] > authorizing via signed-in user (mig180506@gmail.com)
[debug] [2026-07-04T00:55:05.605Z] [iam] checking project info-650fe for permissions ["datastore.indexes.create","datastore.indexes.delete","datastore.indexes.list","datastore.indexes.update","firebase.projects.get"]
[debug] [2026-07-04T00:55:05.607Z] Checked if tokens are valid: false, expires at: 1783124615943
[debug] [2026-07-04T00:55:05.607Z] Checked if tokens are valid: false, expires at: 1783124615943
[debug] [2026-07-04T00:55:05.607Z] > refreshing access token with scopes: []
[debug] [2026-07-04T00:55:05.610Z] >>> [apiv2][query] POST https://www.googleapis.com/oauth2/v3/token [none]
[debug] [2026-07-04T00:55:05.610Z] >>> [apiv2][body] POST https://www.googleapis.com/oauth2/v3/token [omitted]
[debug] [2026-07-04T00:55:05.992Z] <<< [apiv2][status] POST https://www.googleapis.com/oauth2/v3/token 200
[debug] [2026-07-04T00:55:05.992Z] <<< [apiv2][body] POST https://www.googleapis.com/oauth2/v3/token [omitted]
[debug] [2026-07-04T00:55:06.004Z] >>> [apiv2][query] POST https://cloudresourcemanager.googleapis.com/v1/projects/info-650fe:testIamPermissions [none]
[debug] [2026-07-04T00:55:06.004Z] >>> [apiv2][(partial)header] POST https://cloudresourcemanager.googleapis.com/v1/projects/info-650fe:testIamPermissions  x-goog-user-project=info-650fe
[debug] [2026-07-04T00:55:06.005Z] >>> [apiv2][body] POST https://cloudresourcemanager.googleapis.com/v1/projects/info-650fe:testIamPermissions {"permissions":["datastore.indexes.create","datastore.indexes.delete","datastore.indexes.list","datastore.indexes.update","firebase.projects.get"]}
[debug] [2026-07-04T00:55:07.106Z] <<< [apiv2][status] POST https://cloudresourcemanager.googleapis.com/v1/projects/info-650fe:testIamPermissions 200
[debug] [2026-07-04T00:55:07.106Z] <<< [apiv2][body] POST https://cloudresourcemanager.googleapis.com/v1/projects/info-650fe:testIamPermissions {"permissions":["datastore.indexes.create","datastore.indexes.delete","datastore.indexes.list","datastore.indexes.update","firebase.projects.get"]}
[info] 
[info] === Deploying to 'info-650fe'...
[info] 
[info] i  deploying firestore 
[info] i  firestore: ensuring required API firestore.googleapis.com is enabled... 
[info] i  firestore: ensuring required API firestore.googleapis.com is enabled... 
[debug] [2026-07-04T00:55:07.111Z] Checked if tokens are valid: true, expires at: 1783130104993
[debug] [2026-07-04T00:55:07.111Z] Checked if tokens are valid: true, expires at: 1783130104993
[debug] [2026-07-04T00:55:07.112Z] >>> [apiv2][query] GET https://firestore.googleapis.com/v1/projects/info-650fe/databases/(default) [none]
[debug] [2026-07-04T00:55:08.300Z] <<< [apiv2][status] GET https://firestore.googleapis.com/v1/projects/info-650fe/databases/(default) 200
[debug] [2026-07-04T00:55:08.301Z] <<< [apiv2][body] GET https://firestore.googleapis.com/v1/projects/info-650fe/databases/(default) {"name":"projects/info-650fe/databases/(default)","uid":"a3e74f01-2017-440c-bdb8-b56f294909fc","createTime":"2025-09-18T19:47:27.097957Z","updateTime":"2025-09-18T19:47:27.097957Z","locationId":"nam5","type":"FIRESTORE_NATIVE","concurrencyMode":"PESSIMISTIC","versionRetentionPeriod":"3600s","earliestVersionTime":"2026-07-03T23:55:08.270525Z","appEngineIntegrationMode":"DISABLED","keyPrefix":"s","pointInTimeRecoveryEnablement":"POINT_IN_TIME_RECOVERY_DISABLED","deleteProtectionState":"DELETE_PROTECTION_DISABLED","databaseEdition":"STANDARD","freeTier":true,"realtimeUpdatesMode":"REALTIME_UPDATES_MODE_ENABLED","etag":"INLi9fDnt5UDMMHHkKC15pID"}
[info] i  cloud.firestore: checking firestore.rules for compilation errors... 
[debug] [2026-07-04T00:55:08.302Z] Checked if tokens are valid: true, expires at: 1783130104993
[debug] [2026-07-04T00:55:08.302Z] Checked if tokens are valid: true, expires at: 1783130104993
[debug] [2026-07-04T00:55:08.302Z] >>> [apiv2][query] POST https://firebaserules.googleapis.com/v1/projects/info-650fe:test [none]
[debug] [2026-07-04T00:55:08.302Z] >>> [apiv2][body] POST https://firebaserules.googleapis.com/v1/projects/info-650fe:test [omitted]
[debug] [2026-07-04T00:55:09.999Z] <<< [apiv2][status] POST https://firebaserules.googleapis.com/v1/projects/info-650fe:test 200
[debug] [2026-07-04T00:55:09.999Z] <<< [apiv2][body] POST https://firebaserules.googleapis.com/v1/projects/info-650fe:test {}
[info] +  cloud.firestore: rules file firestore.rules compiled successfully 
[debug] [2026-07-04T00:55:10.000Z] Checked if tokens are valid: true, expires at: 1783130104993
[debug] [2026-07-04T00:55:10.001Z] Checked if tokens are valid: true, expires at: 1783130104993
[debug] [2026-07-04T00:55:10.001Z] >>> [apiv2][query] GET https://firebaserules.googleapis.com/v1/projects/info-650fe/releases pageSize=10&pageToken=
[debug] [2026-07-04T00:55:11.246Z] <<< [apiv2][status] GET https://firebaserules.googleapis.com/v1/projects/info-650fe/releases 200
[debug] [2026-07-04T00:55:11.246Z] <<< [apiv2][body] GET https://firebaserules.googleapis.com/v1/projects/info-650fe/releases {"releases":[{"name":"projects/info-650fe/releases/cloud.firestore","rulesetName":"projects/info-650fe/rulesets/950137c4-0af4-480b-9c4e-1fef48a132bb","createTime":"2025-09-18T19:47:32.071496Z","updateTime":"2026-07-03T23:36:21.161886Z"}]}
[debug] [2026-07-04T00:55:11.247Z] Checked if tokens are valid: true, expires at: 1783130104993
[debug] [2026-07-04T00:55:11.247Z] Checked if tokens are valid: true, expires at: 1783130104993
[debug] [2026-07-04T00:55:11.247Z] >>> [apiv2][query] GET https://firebaserules.googleapis.com/v1/projects/info-650fe/rulesets/950137c4-0af4-480b-9c4e-1fef48a132bb [none]
[debug] [2026-07-04T00:55:12.313Z] <<< [apiv2][status] GET https://firebaserules.googleapis.com/v1/projects/info-650fe/rulesets/950137c4-0af4-480b-9c4e-1fef48a132bb 200
[debug] [2026-07-04T00:55:12.313Z] <<< [apiv2][body] GET https://firebaserules.googleapis.com/v1/projects/info-650fe/rulesets/950137c4-0af4-480b-9c4e-1fef48a132bb [omitted]
[info] i  firestore: uploading rules firestore.rules... 
[debug] [2026-07-04T00:55:12.315Z] Checked if tokens are valid: true, expires at: 1783130104993
[debug] [2026-07-04T00:55:12.315Z] Checked if tokens are valid: true, expires at: 1783130104993
[debug] [2026-07-04T00:55:12.315Z] >>> [apiv2][query] POST https://firebaserules.googleapis.com/v1/projects/info-650fe/rulesets [none]
[debug] [2026-07-04T00:55:12.315Z] >>> [apiv2][body] POST https://firebaserules.googleapis.com/v1/projects/info-650fe/rulesets [omitted]
[debug] [2026-07-04T00:55:13.759Z] <<< [apiv2][status] POST https://firebaserules.googleapis.com/v1/projects/info-650fe/rulesets 200
[debug] [2026-07-04T00:55:13.759Z] <<< [apiv2][body] POST https://firebaserules.googleapis.com/v1/projects/info-650fe/rulesets {"name":"projects/info-650fe/rulesets/b8c880ee-9b6f-4c4e-97c0-bd8cfdbc25f2","source":{"files":[{"content":"rules_version = '2';\r\nservice cloud.firestore {\r\n  match /databases/{database}/documents {\r\n    function signedIn() {\r\n      return request.auth != null;\r\n    }\r\n\r\n    function isOwner(uid) {\r\n      return signedIn() && request.auth.uid == uid;\r\n    }\r\n\r\n    function isAdmin() {\n      return signedIn()\r\n        && exists(/databases/$(database)/documents/Usuario/$(request.auth.uid))\r\n        && (\r\n          get(/databases/$(database)/documents/Usuario/$(request.auth.uid)).data.admin == true\r\n          || get(/databases/$(database)/documents/Usuario/$(request.auth.uid)).data.tipo == 'admin'\r\n        );\r\n    }\r\n\r\n    function activePrestador(uid) {\r\n      return exists(/databases/$(database)/documents/Usuario/$(uid))\r\n        && get(/databases/$(database)/documents/Usuario/$(uid)).data.tipo == 'prestador'\r\n        && get(/databases/$(database)/documents/Usuario/$(uid)).data.contaAtiva == true\r\n        && get(/databases/$(database)/documents/Usuario/$(uid)).data.assinaturaAtiva != false;\r\n    }\r\n\r\n    function touchesBillingFields() {\n      return request.resource.data.diff(resource.data).changedKeys().hasAny([\r\n        'assinaturaAtiva',\r\n        'contaAtiva',\r\n        'dataCadastro',\r\n        'dataVencimento',\r\n        'ultimoPagamento',\r\n        'statusPagamento',\r\n        'valorMensalidade',\r\n        'bloqueadoEm',\r\n        'motivoBloqueio'\r\n      ]);\n    }\n\n    function touchesReviewFields() {\n      return request.resource.data.diff(resource.data).changedKeys().hasAny([\n        'avaliacaoNota', 'avaliacaoComentario', 'avaliacaoData', 'avaliacaoLiberada',\n        'avaliado', 'avaliacaoSoma', 'numeroAvaliacoes', 'avaliacao'\n      ]);\n    }\n\n    function validReviewUpdate() {\n      return signedIn()\n        && resource.data.clienteId == request.auth.uid\n        && resource.data.status == 'realizado'\n        && resource.data.get('avaliado', false) == false\n        && request.resource.data.avaliado == true\n        && request.resource.data.avaliacaoNota is number\n        && request.resource.data.avaliacaoNota >= 1\n        && request.resource.data.avaliacaoNota <= 5\n        && request.resource.data.diff(resource.data).changedKeys().hasOnly([\n          'avaliacaoNota', 'avaliacaoComentario', 'avaliacaoData', 'avaliacaoLiberada', 'avaliado'\n        ]);\n    }\n\r\n    function participantIn(data) {\r\n      return signedIn()\r\n        && data.participants is list\r\n        && request.auth.uid in data.participants;\r\n    }\r\n\r\n    function areaParticipant(data) {\r\n      return signedIn()\r\n        && data.prestadoresIds is list\r\n        && request.auth.uid in data.prestadoresIds;\r\n    }\r\n\r\n    match /Usuario/{uid} {\r\n      allow create: if isOwner(uid)\n        && request.resource.data.tipo in ['prestador', 'contratante']\n        && (\n          !request.resource.data.keys().hasAny(['admin'])\n          || request.resource.data.admin == false\n        )\n        && (\n          request.resource.data.tipo == 'contratante'\n          || (\n            request.resource.data.assinaturaAtiva == false\n            && request.resource.data.contaAtiva == false\n            && request.resource.data.statusPagamento == 'primeiro_pagamento_pendente'\n          )\n        );\n\r\n      allow read: if isOwner(uid)\r\n        || isAdmin()\r\n        || (\r\n          resource.data.tipo == 'prestador'\r\n          && resource.data.contaAtiva == true\r\n          && resource.data.assinaturaAtiva != false\r\n        )\r\n        || (signedIn() && resource.data.tipo == 'contratante');\r\n\r\n      allow update: if isAdmin()\r\n        || (\r\n          isOwner(uid)\r\n          && !touchesBillingFields()\n          && !touchesReviewFields()\n          && !request.resource.data.diff(resource.data).changedKeys().hasAny(['admin', 'tipo'])\r\n        );\r\n\r\n      allow delete: if isOwner(uid) || isAdmin();\r\n\r\n      match /Mensalidades/{periodKey} {\r\n        allow read: if isOwner(uid) || isAdmin();\r\n        allow create, update, delete: if false;\r\n      }\r\n\r\n      match /Notificacoes/{notifId} {\n        allow read: if isOwner(uid) || isAdmin();\r\n        allow create, delete: if isAdmin();\r\n        allow update: if isAdmin()\r\n          || (\r\n            isOwner(uid)\r\n            && request.resource.data.diff(resource.data).changedKeys().hasOnly(['lida'])\r\n          );\r\n      }\n\n      match /PushTokens/{tokenId} {\n        allow read, create, update, delete: if isOwner(uid);\n      }\n\n      match /Disponibilidade/{diaId} {\n        allow read: if isOwner(uid) || isAdmin() || (signedIn() && activePrestador(uid));\n        allow create, update, delete: if isOwner(uid) || isAdmin();\n      }\n\n      match /Indisponibilidades/{periodoId} {\n        allow read: if isOwner(uid) || isAdmin() || (signedIn() && activePrestador(uid));\n        allow create, update, delete: if isOwner(uid) || isAdmin();\n      }\n\n      match /ReservasAgenda/{reservaId} {\n        allow read: if isOwner(uid) || isAdmin();\n        allow create, update, delete: if false;\n      }\n\n      match /Bloqueados/{blockedId} {\n        allow read, create, update, delete: if isOwner(uid);\n      }\n\n      match /Favoritos/{providerId} {\n        allow read, create, update, delete: if isOwner(uid)\n          && request.auth.uid != providerId;\n      }\n\r\n      match /Serv/{servId} {\r\n        allow read: if signedIn() && (isOwner(uid) || activePrestador(uid) || isAdmin());\r\n        allow create, update, delete: if isOwner(uid) || isAdmin();\r\n      }\r\n\r\n      match /Posts/{postId} {\r\n        allow read: if signedIn() && (isOwner(uid) || activePrestador(uid) || isAdmin());\r\n        allow create, update, delete: if isOwner(uid) || isAdmin();\r\n      }\r\n    }\r\n\r\n    match /ServicosAdds/{uid}/ServicosOferecidos/{servicoId} {\r\n      allow read: if signedIn() && (isOwner(uid) || activePrestador(uid) || isAdmin());\r\n      allow create, update, delete: if isOwner(uid) || isAdmin();\r\n    }\r\n\r\n    match /ServicosAgendados/{prestadorId}/ServicoStatus/{servicoId} {\n      allow read: if isAdmin()\r\n        || isOwner(prestadorId)\r\n        || (signedIn() && resource.data.clienteId == request.auth.uid);\r\n\r\n      allow create: if isAdmin()\r\n        || isOwner(prestadorId)\r\n        || (signedIn() && request.resource.data.clienteId == request.auth.uid);\r\n\r\n      allow update: if isAdmin()\n        || validReviewUpdate()\n        || (\n          !touchesReviewFields()\n          && (\n            isOwner(prestadorId)\n            || (signedIn() && resource.data.clienteId == request.auth.uid)\n            || (signedIn() && request.resource.data.clienteId == request.auth.uid)\n          )\n        );\n\r\n      allow delete: if isAdmin()\n        || isOwner(prestadorId)\n        || (signedIn() && resource.data.clienteId == request.auth.uid);\n\n      match /Propostas/{propostaId} {\n        allow read: if isAdmin() || isOwner(prestadorId)\n          || (signedIn() && get(/databases/$(database)/documents/ServicosAgendados/$(prestadorId)/ServicoStatus/$(servicoId)).data.clienteId == request.auth.uid);\n        allow write: if false;\n      }\n    }\n\r\n    match /ServicosClientes/{clienteId}/ServicoStatus/{servicoId} {\n      allow read: if isAdmin()\r\n        || isOwner(clienteId)\r\n        || (signedIn() && resource.data.clienteId == request.auth.uid)\r\n        || (signedIn() && resource.data.prestadorId == request.auth.uid);\r\n\r\n      allow create: if isAdmin()\r\n        || isOwner(clienteId)\r\n        || (signedIn() && request.resource.data.prestadorId == request.auth.uid);\r\n\r\n      allow update: if isAdmin()\n        || validReviewUpdate()\n        || (\n          !touchesReviewFields()\n          && (\n            isOwner(clienteId)\n            || (signedIn() && resource.data.prestadorId == request.auth.uid)\n            || (signedIn() && request.resource.data.prestadorId == request.auth.uid)\n          )\n        );\n\r\n      allow delete: if isAdmin()\n        || isOwner(clienteId)\n        || (signedIn() && resource.data.prestadorId == request.auth.uid);\n\n      match /Propostas/{propostaId} {\n        allow read: if isAdmin() || isOwner(clienteId)\n          || (signedIn() && get(/databases/$(database)/documents/ServicosClientes/$(clienteId)/ServicoStatus/$(servicoId)).data.prestadorId == request.auth.uid);\n        allow write: if false;\n      }\n    }\n\r\n    match /ServicosRejeitados/{prestadorId}/ServicoStatus/{servicoId} {\r\n      allow read, create, update, delete: if isOwner(prestadorId) || isAdmin();\r\n    }\r\n\r\n    match /SolicitacoesArea/{requestId} {\r\n      allow read: if isAdmin()\r\n        || (signedIn() && resource.data.clienteId == request.auth.uid)\r\n        || areaParticipant(resource.data);\r\n\r\n      allow create: if signedIn() && request.resource.data.clienteId == request.auth.uid;\r\n\r\n      allow update: if isAdmin()\r\n        || (signedIn() && resource.data.clienteId == request.auth.uid)\r\n        || areaParticipant(resource.data);\r\n\r\n      allow delete: if isAdmin()\r\n        || (signedIn() && resource.data.clienteId == request.auth.uid);\r\n    }\r\n\r\n    match /SolicitacoesMensalidade/{requestId} {\n      allow read: if isAdmin()\r\n        || (signedIn() && resource.data.uid == request.auth.uid);\r\n\r\n      allow create: if signedIn()\r\n        && request.resource.data.uid == request.auth.uid\r\n        && request.resource.data.status == 'pendente';\r\n\r\n      allow update, delete: if isAdmin();\n    }\n\n    function isContratante() {\n      return signedIn()\n        && exists(/databases/$(database)/documents/Usuario/$(request.auth.uid))\n        && get(/databases/$(database)/documents/Usuario/$(request.auth.uid)).data.tipo == 'contratante';\n    }\n\n    match /ProblemasServicos/{problemaId} {\n      allow read: if isAdmin()\n        || (signedIn() && resource.data.clienteId == request.auth.uid)\n        || (signedIn() && resource.data.prestadorId == request.auth.uid);\n\n      allow create: if signedIn()\n        && request.resource.data.relatorId == request.auth.uid\n        && (\n          request.resource.data.clienteId == request.auth.uid\n          || request.resource.data.prestadorId == request.auth.uid\n        )\n        && request.resource.data.status == 'pendente';\n\n      allow update: if isAdmin()\n        || (\n          signedIn()\n          && resource.data.relatorId == request.auth.uid\n          && request.resource.data.relatorId == resource.data.relatorId\n          && request.resource.data.clienteId == resource.data.clienteId\n          && request.resource.data.prestadorId == resource.data.prestadorId\n          && request.resource.data.status == 'pendente'\n          && request.resource.data.diff(resource.data).changedKeys().hasOnly(['descricao', 'criadoEm'])\n        );\n      allow delete: if isAdmin();\n    }\n\n    match /LocalizacoesPrestadores/{prestadorId} {\n      allow read: if isOwner(prestadorId)\n        || isAdmin()\n        || (\n          isContratante()\n          && activePrestador(prestadorId)\n          && resource.data.expiresAt > request.time\n        );\n\n      allow create, update: if isOwner(prestadorId)\n        && activePrestador(prestadorId)\n        && request.resource.data.prestadorId == prestadorId\n        && request.resource.data.latitude is number\n        && request.resource.data.latitude >= -90\n        && request.resource.data.latitude <= 90\n        && request.resource.data.longitude is number\n        && request.resource.data.longitude >= -180\n        && request.resource.data.longitude <= 180\n        && request.resource.data.expiresAt is timestamp\n        && request.resource.data.expiresAt > request.time\n        && request.resource.data.expiresAt <= request.time + duration.value(3, 'h')\n        && request.resource.data.keys().hasOnly([\n          'prestadorId', 'latitude', 'longitude', 'accuracy', 'updatedAt', 'expiresAt'\n        ]);\n\n      allow delete: if isOwner(prestadorId) || isAdmin();\n    }\n\n    match /Denuncias/{denunciaId} {\n      allow create: if signedIn()\n        && request.resource.data.reporterId == request.auth.uid\n        && request.resource.data.status == 'pendente';\n      allow read: if isAdmin() || (signedIn() && resource.data.reporterId == request.auth.uid);\n      allow update, delete: if isAdmin();\n    }\n\n    match /Chats/{chatId} {\n      allow read, delete: if participantIn(resource.data) || isAdmin();\n      allow create: if isAdmin()\n        || (\n          participantIn(request.resource.data)\n          && request.resource.data.participants.size() == 2\n          && request.resource.data.keys().hasOnly([\n            'participants', 'lastMessage', 'lastMessageAt', 'updatedAt', 'unreadFor'\n          ])\n        );\n      allow update: if isAdmin()\n        || (\n          participantIn(resource.data)\n          && request.resource.data.participants == resource.data.participants\n          && request.resource.data.diff(resource.data).changedKeys().hasOnly([\n            'lastMessage', 'lastMessageAt', 'updatedAt', 'unreadFor'\n          ])\n        );\n\r\n      match /Messages/{messageId} {\n        allow read: if isAdmin()\n          || participantIn(get(/databases/$(database)/documents/Chats/$(chatId)).data);\n\n        allow create: if signedIn()\n          && request.resource.data.senderId == request.auth.uid\n          && request.resource.data.text is string\n          && request.resource.data.text.size() > 0\n          && request.resource.data.text.size() <= 1000\n          && request.resource.data.keys().hasOnly(['text', 'senderId', 'createdAt', 'replyTo', 'readBy', 'attachment', 'location'])\n          && participantIn(getAfter(/databases/$(database)/documents/Chats/$(chatId)).data);\n        allow update, delete: if false;\n      }\n\n      match /Presence/{presenceUid} {\n        allow read: if isAdmin()\n          || participantIn(get(/databases/$(database)/documents/Chats/$(chatId)).data);\n        allow create, update, delete: if signedIn()\n          && request.auth.uid == presenceUid\n          && participantIn(get(/databases/$(database)/documents/Chats/$(chatId)).data);\n      }\n    }\r\n\r\n    match /MercadoPagoWebhooks/{webhookId} {\n      allow read, write: if false;\n    }\n\n    match /AuditLogs/{logId} {\n      allow read: if isAdmin();\n      allow write: if false;\n    }\n\n    match /PublicConfig/{configId} {\n      allow read: if signedIn();\n      allow write: if isAdmin();\n    }\n\n    match /RateLimits/{limitId} {\n      allow read, write: if false;\n    }\n\r\n    match /{document=**} {\r\n      allow read, write: if false;\r\n    }\r\n  }\r\n}\r\n","name":"firestore.rules"}]},"createTime":"2026-07-04T00:55:13.651583Z","metadata":{"services":["cloud.firestore"]}}
[debug] [2026-07-04T00:55:13.759Z] [rules] created ruleset projects/info-650fe/rulesets/b8c880ee-9b6f-4c4e-97c0-bd8cfdbc25f2
[debug] [2026-07-04T00:55:13.760Z] [rules] releasing cloud.firestore with ruleset projects/info-650fe/rulesets/b8c880ee-9b6f-4c4e-97c0-bd8cfdbc25f2
[debug] [2026-07-04T00:55:13.761Z] Checked if tokens are valid: true, expires at: 1783130104993
[debug] [2026-07-04T00:55:13.761Z] Checked if tokens are valid: true, expires at: 1783130104993
[debug] [2026-07-04T00:55:13.761Z] >>> [apiv2][query] PATCH https://firebaserules.googleapis.com/v1/projects/info-650fe/releases/cloud.firestore [none]
[debug] [2026-07-04T00:55:13.762Z] >>> [apiv2][body] PATCH https://firebaserules.googleapis.com/v1/projects/info-650fe/releases/cloud.firestore {"release":{"name":"projects/info-650fe/releases/cloud.firestore","rulesetName":"projects/info-650fe/rulesets/b8c880ee-9b6f-4c4e-97c0-bd8cfdbc25f2"}}
[debug] [2026-07-04T00:55:15.147Z] <<< [apiv2][status] PATCH https://firebaserules.googleapis.com/v1/projects/info-650fe/releases/cloud.firestore 200
[debug] [2026-07-04T00:55:15.148Z] <<< [apiv2][body] PATCH https://firebaserules.googleapis.com/v1/projects/info-650fe/releases/cloud.firestore {"name":"projects/info-650fe/releases/cloud.firestore","rulesetName":"projects/info-650fe/rulesets/b8c880ee-9b6f-4c4e-97c0-bd8cfdbc25f2","createTime":"2025-09-18T19:47:32.071496Z","updateTime":"2026-07-04T00:55:15.074151Z"}
[debug] [2026-07-04T00:55:15.148Z] [rules] updated release projects/info-650fe/releases/cloud.firestore
[info] +  firestore: released rules firestore.rules to cloud.firestore 
[info] 
[info] +  Deploy complete! 
[info] 
[info] Project Console: https://console.firebase.google.com/project/info-650fe/overview
[debug] [2026-07-04T17:51:45.637Z] ----------------------------------------------------------------------
[debug] [2026-07-04T17:51:45.639Z] Command:       C:\Program Files\nodejs\node.exe C:\Users\Usuário\Downloads\TCC_2026-4\TCC_2026-4\node_modules\firebase-tools\lib\bin\firebase.js deploy --only firestore:rules --project info-650fe --non-interactive
[debug] [2026-07-04T17:51:45.639Z] CLI Version:   15.22.4
[debug] [2026-07-04T17:51:45.639Z] Platform:      win32
[debug] [2026-07-04T17:51:45.640Z] Node Version:  v24.18.0
[debug] [2026-07-04T17:51:45.640Z] Detected Agent: codex_cli
[debug] [2026-07-04T17:51:45.640Z] Time:          Sat Jul 04 2026 14:51:45 GMT-0300 (Horário Padrão de Brasília)
[debug] [2026-07-04T17:51:45.640Z] ----------------------------------------------------------------------
[debug] 
[debug] [2026-07-04T17:51:50.449Z] > command requires scopes: ["email","openid","https://www.googleapis.com/auth/cloudplatformprojects.readonly","https://www.googleapis.com/auth/firebase","https://www.googleapis.com/auth/cloud-platform"]
[debug] [2026-07-04T17:51:50.450Z] > authorizing via signed-in user (mig180506@gmail.com)
[debug] [2026-07-04T17:51:50.450Z] [iam] checking project info-650fe for permissions ["datastore.indexes.create","datastore.indexes.delete","datastore.indexes.list","datastore.indexes.update","firebase.projects.get"]
[debug] [2026-07-04T17:51:50.452Z] Checked if tokens are valid: false, expires at: 1783130104993
[debug] [2026-07-04T17:51:50.452Z] Checked if tokens are valid: false, expires at: 1783130104993
[debug] [2026-07-04T17:51:50.453Z] > refreshing access token with scopes: []
[debug] [2026-07-04T17:51:50.455Z] >>> [apiv2][query] POST https://www.googleapis.com/oauth2/v3/token [none]
[debug] [2026-07-04T17:51:50.455Z] >>> [apiv2][body] POST https://www.googleapis.com/oauth2/v3/token [omitted]
[debug] [2026-07-04T17:51:50.809Z] <<< [apiv2][status] POST https://www.googleapis.com/oauth2/v3/token 200
[debug] [2026-07-04T17:51:50.809Z] <<< [apiv2][body] POST https://www.googleapis.com/oauth2/v3/token [omitted]
[debug] [2026-07-04T17:51:50.830Z] >>> [apiv2][query] POST https://cloudresourcemanager.googleapis.com/v1/projects/info-650fe:testIamPermissions [none]
[debug] [2026-07-04T17:51:50.830Z] >>> [apiv2][(partial)header] POST https://cloudresourcemanager.googleapis.com/v1/projects/info-650fe:testIamPermissions  x-goog-user-project=info-650fe
[debug] [2026-07-04T17:51:50.830Z] >>> [apiv2][body] POST https://cloudresourcemanager.googleapis.com/v1/projects/info-650fe:testIamPermissions {"permissions":["datastore.indexes.create","datastore.indexes.delete","datastore.indexes.list","datastore.indexes.update","firebase.projects.get"]}
[debug] [2026-07-04T17:51:51.936Z] <<< [apiv2][status] POST https://cloudresourcemanager.googleapis.com/v1/projects/info-650fe:testIamPermissions 200
[debug] [2026-07-04T17:51:51.936Z] <<< [apiv2][body] POST https://cloudresourcemanager.googleapis.com/v1/projects/info-650fe:testIamPermissions {"permissions":["datastore.indexes.create","datastore.indexes.delete","datastore.indexes.list","datastore.indexes.update","firebase.projects.get"]}
[info] 
[info] === Deploying to 'info-650fe'...
[info] 
[info] i  deploying firestore 
[info] i  firestore: ensuring required API firestore.googleapis.com is enabled... 
[info] i  firestore: ensuring required API firestore.googleapis.com is enabled... 
[debug] [2026-07-04T17:51:51.942Z] Checked if tokens are valid: true, expires at: 1783191109809
[debug] [2026-07-04T17:51:51.942Z] Checked if tokens are valid: true, expires at: 1783191109809
[debug] [2026-07-04T17:51:51.943Z] >>> [apiv2][query] GET https://firestore.googleapis.com/v1/projects/info-650fe/databases/(default) [none]
[debug] [2026-07-04T17:51:53.121Z] <<< [apiv2][status] GET https://firestore.googleapis.com/v1/projects/info-650fe/databases/(default) 200
[debug] [2026-07-04T17:51:53.122Z] <<< [apiv2][body] GET https://firestore.googleapis.com/v1/projects/info-650fe/databases/(default) {"name":"projects/info-650fe/databases/(default)","uid":"a3e74f01-2017-440c-bdb8-b56f294909fc","createTime":"2025-09-18T19:47:27.097957Z","updateTime":"2025-09-18T19:47:27.097957Z","locationId":"nam5","type":"FIRESTORE_NATIVE","concurrencyMode":"PESSIMISTIC","versionRetentionPeriod":"3600s","earliestVersionTime":"2026-07-04T16:51:53.024178Z","appEngineIntegrationMode":"DISABLED","keyPrefix":"s","pointInTimeRecoveryEnablement":"POINT_IN_TIME_RECOVERY_DISABLED","deleteProtectionState":"DELETE_PROTECTION_DISABLED","databaseEdition":"STANDARD","freeTier":true,"realtimeUpdatesMode":"REALTIME_UPDATES_MODE_ENABLED","etag":"ILm4oJLLuZUDMMHHkKC15pID"}
[info] i  cloud.firestore: checking firestore.rules for compilation errors... 
[debug] [2026-07-04T17:51:53.123Z] Checked if tokens are valid: true, expires at: 1783191109809
[debug] [2026-07-04T17:51:53.123Z] Checked if tokens are valid: true, expires at: 1783191109809
[debug] [2026-07-04T17:51:53.123Z] >>> [apiv2][query] POST https://firebaserules.googleapis.com/v1/projects/info-650fe:test [none]
[debug] [2026-07-04T17:51:53.124Z] >>> [apiv2][body] POST https://firebaserules.googleapis.com/v1/projects/info-650fe:test [omitted]
[debug] [2026-07-04T17:51:54.679Z] <<< [apiv2][status] POST https://firebaserules.googleapis.com/v1/projects/info-650fe:test 200
[debug] [2026-07-04T17:51:54.679Z] <<< [apiv2][body] POST https://firebaserules.googleapis.com/v1/projects/info-650fe:test {}
[info] +  cloud.firestore: rules file firestore.rules compiled successfully 
[debug] [2026-07-04T17:51:54.680Z] Checked if tokens are valid: true, expires at: 1783191109809
[debug] [2026-07-04T17:51:54.681Z] Checked if tokens are valid: true, expires at: 1783191109809
[debug] [2026-07-04T17:51:54.681Z] >>> [apiv2][query] GET https://firebaserules.googleapis.com/v1/projects/info-650fe/releases pageSize=10&pageToken=
[debug] [2026-07-04T17:51:55.873Z] <<< [apiv2][status] GET https://firebaserules.googleapis.com/v1/projects/info-650fe/releases 200
[debug] [2026-07-04T17:51:55.873Z] <<< [apiv2][body] GET https://firebaserules.googleapis.com/v1/projects/info-650fe/releases {"releases":[{"name":"projects/info-650fe/releases/cloud.firestore","rulesetName":"projects/info-650fe/rulesets/b8c880ee-9b6f-4c4e-97c0-bd8cfdbc25f2","createTime":"2025-09-18T19:47:32.071496Z","updateTime":"2026-07-04T00:55:15.074151Z"}]}
[debug] [2026-07-04T17:51:55.873Z] Checked if tokens are valid: true, expires at: 1783191109809
[debug] [2026-07-04T17:51:55.874Z] Checked if tokens are valid: true, expires at: 1783191109809
[debug] [2026-07-04T17:51:55.874Z] >>> [apiv2][query] GET https://firebaserules.googleapis.com/v1/projects/info-650fe/rulesets/b8c880ee-9b6f-4c4e-97c0-bd8cfdbc25f2 [none]
[debug] [2026-07-04T17:51:56.932Z] <<< [apiv2][status] GET https://firebaserules.googleapis.com/v1/projects/info-650fe/rulesets/b8c880ee-9b6f-4c4e-97c0-bd8cfdbc25f2 200
[debug] [2026-07-04T17:51:56.932Z] <<< [apiv2][body] GET https://firebaserules.googleapis.com/v1/projects/info-650fe/rulesets/b8c880ee-9b6f-4c4e-97c0-bd8cfdbc25f2 [omitted]
[info] i  firestore: uploading rules firestore.rules... 
[debug] [2026-07-04T17:51:56.934Z] Checked if tokens are valid: true, expires at: 1783191109809
[debug] [2026-07-04T17:51:56.934Z] Checked if tokens are valid: true, expires at: 1783191109809
[debug] [2026-07-04T17:51:56.935Z] >>> [apiv2][query] POST https://firebaserules.googleapis.com/v1/projects/info-650fe/rulesets [none]
[debug] [2026-07-04T17:51:56.935Z] >>> [apiv2][body] POST https://firebaserules.googleapis.com/v1/projects/info-650fe/rulesets [omitted]
[debug] [2026-07-04T17:51:58.167Z] <<< [apiv2][status] POST https://firebaserules.googleapis.com/v1/projects/info-650fe/rulesets 200
[debug] [2026-07-04T17:51:58.167Z] <<< [apiv2][body] POST https://firebaserules.googleapis.com/v1/projects/info-650fe/rulesets {"name":"projects/info-650fe/rulesets/10315635-dadc-42fb-8b84-a2c945d05d7c","source":{"files":[{"content":"rules_version = '2';\r\nservice cloud.firestore {\r\n  match /databases/{database}/documents {\r\n    function signedIn() {\r\n      return request.auth != null;\r\n    }\r\n\r\n    function isOwner(uid) {\r\n      return signedIn() && request.auth.uid == uid;\r\n    }\r\n\r\n    function isAdmin() {\n      return signedIn()\r\n        && exists(/databases/$(database)/documents/Usuario/$(request.auth.uid))\r\n        && (\r\n          get(/databases/$(database)/documents/Usuario/$(request.auth.uid)).data.admin == true\r\n          || get(/databases/$(database)/documents/Usuario/$(request.auth.uid)).data.tipo == 'admin'\r\n        );\r\n    }\r\n\r\n    function activePrestador(uid) {\r\n      return exists(/databases/$(database)/documents/Usuario/$(uid))\r\n        && get(/databases/$(database)/documents/Usuario/$(uid)).data.tipo == 'prestador'\r\n        && get(/databases/$(database)/documents/Usuario/$(uid)).data.contaAtiva == true\r\n        && get(/databases/$(database)/documents/Usuario/$(uid)).data.assinaturaAtiva != false;\r\n    }\r\n\r\n    function touchesBillingFields() {\n      return request.resource.data.diff(resource.data).changedKeys().hasAny([\r\n        'assinaturaAtiva',\r\n        'contaAtiva',\r\n        'dataCadastro',\r\n        'dataVencimento',\r\n        'ultimoPagamento',\r\n        'statusPagamento',\r\n        'valorMensalidade',\r\n        'bloqueadoEm',\r\n        'motivoBloqueio'\r\n      ]);\n    }\n\n    function touchesReviewFields() {\n      return request.resource.data.diff(resource.data).changedKeys().hasAny([\n        'avaliacaoNota', 'avaliacaoComentario', 'avaliacaoData', 'avaliacaoLiberada',\n        'avaliado', 'avaliacaoSoma', 'numeroAvaliacoes', 'avaliacao'\n      ]);\n    }\n\n    function validReviewUpdate() {\n      return signedIn()\n        && resource.data.clienteId == request.auth.uid\n        && resource.data.status == 'realizado'\n        && resource.data.get('avaliado', false) == false\n        && request.resource.data.avaliado == true\n        && request.resource.data.avaliacaoNota is number\n        && request.resource.data.avaliacaoNota >= 1\n        && request.resource.data.avaliacaoNota <= 5\n        && request.resource.data.diff(resource.data).changedKeys().hasOnly([\n          'avaliacaoNota', 'avaliacaoComentario', 'avaliacaoData', 'avaliacaoLiberada', 'avaliado'\n        ]);\n    }\n\r\n    function participantIn(data) {\r\n      return signedIn()\r\n        && data.participants is list\r\n        && request.auth.uid in data.participants;\r\n    }\r\n\r\n    function areaParticipant(data) {\r\n      return signedIn()\r\n        && data.prestadoresIds is list\r\n        && request.auth.uid in data.prestadoresIds;\r\n    }\r\n\r\n    match /Usuario/{uid} {\r\n      allow create: if isOwner(uid)\n        && request.resource.data.tipo in ['prestador', 'contratante']\n        && (\n          !request.resource.data.keys().hasAny(['admin'])\n          || request.resource.data.admin == false\n        )\n        && (\n          request.resource.data.tipo == 'contratante'\n          || (\n            request.resource.data.assinaturaAtiva == false\n            && request.resource.data.contaAtiva == false\n            && request.resource.data.statusPagamento == 'primeiro_pagamento_pendente'\n          )\n        );\n\r\n      allow read: if isOwner(uid)\r\n        || isAdmin()\r\n        || (\r\n          resource.data.tipo == 'prestador'\r\n          && resource.data.contaAtiva == true\r\n          && resource.data.assinaturaAtiva != false\r\n        )\r\n        || (signedIn() && resource.data.tipo == 'contratante');\r\n\r\n      allow update: if isAdmin()\r\n        || (\r\n          isOwner(uid)\r\n          && !touchesBillingFields()\n          && !touchesReviewFields()\n          && !request.resource.data.diff(resource.data).changedKeys().hasAny(['admin', 'tipo'])\r\n        );\r\n\r\n      allow delete: if isOwner(uid) || isAdmin();\r\n\r\n      match /Mensalidades/{periodKey} {\r\n        allow read: if isOwner(uid) || isAdmin();\r\n        allow create, update, delete: if false;\r\n      }\r\n\r\n      match /Notificacoes/{notifId} {\n        allow read: if isOwner(uid) || isAdmin();\r\n        allow create, delete: if isAdmin();\r\n        allow update: if isAdmin()\r\n          || (\r\n            isOwner(uid)\r\n            && request.resource.data.diff(resource.data).changedKeys().hasOnly(['lida'])\r\n          );\r\n      }\n\n      match /PushTokens/{tokenId} {\n        allow read, create, update, delete: if isOwner(uid);\n      }\n\n      match /Disponibilidade/{diaId} {\n        allow read: if isOwner(uid) || isAdmin() || (signedIn() && activePrestador(uid));\n        allow create, update, delete: if isOwner(uid) || isAdmin();\n      }\n\n      match /Indisponibilidades/{periodoId} {\n        allow read: if isOwner(uid) || isAdmin() || (signedIn() && activePrestador(uid));\n        allow create, update, delete: if isOwner(uid) || isAdmin();\n      }\n\n      match /ReservasAgenda/{reservaId} {\n        allow read: if isOwner(uid) || isAdmin();\n        allow create, update, delete: if false;\n      }\n\n      match /Bloqueados/{blockedId} {\n        allow read, create, update, delete: if isOwner(uid);\n      }\n\n      match /Favoritos/{providerId} {\n        allow read, delete: if isOwner(uid);\n        allow create, update: if isOwner(uid)\n          && request.auth.uid != providerId\n          && request.resource.data.providerId == providerId;\n      }\n\r\n      match /Serv/{servId} {\r\n        allow read: if signedIn() && (isOwner(uid) || activePrestador(uid) || isAdmin());\r\n        allow create, update, delete: if isOwner(uid) || isAdmin();\r\n      }\r\n\r\n      match /Posts/{postId} {\r\n        allow read: if signedIn() && (isOwner(uid) || activePrestador(uid) || isAdmin());\r\n        allow create, update, delete: if isOwner(uid) || isAdmin();\r\n      }\r\n    }\r\n\r\n    match /ServicosAdds/{uid}/ServicosOferecidos/{servicoId} {\r\n      allow read: if signedIn() && (isOwner(uid) || activePrestador(uid) || isAdmin());\r\n      allow create, update, delete: if isOwner(uid) || isAdmin();\r\n    }\r\n\r\n    match /ServicosAgendados/{prestadorId}/ServicoStatus/{servicoId} {\n      allow read: if isAdmin()\r\n        || isOwner(prestadorId)\r\n        || (signedIn() && resource.data.clienteId == request.auth.uid);\r\n\r\n      allow create: if isAdmin()\r\n        || isOwner(prestadorId)\r\n        || (signedIn() && request.resource.data.clienteId == request.auth.uid);\r\n\r\n      allow update: if isAdmin()\n        || validReviewUpdate()\n        || (\n          !touchesReviewFields()\n          && (\n            isOwner(prestadorId)\n            || (signedIn() && resource.data.clienteId == request.auth.uid)\n            || (signedIn() && request.resource.data.clienteId == request.auth.uid)\n          )\n        );\n\r\n      allow delete: if isAdmin()\n        || isOwner(prestadorId)\n        || (signedIn() && resource.data.clienteId == request.auth.uid);\n\n      match /Propostas/{propostaId} {\n        allow read: if isAdmin() || isOwner(prestadorId)\n          || (signedIn() && get(/databases/$(database)/documents/ServicosAgendados/$(prestadorId)/ServicoStatus/$(servicoId)).data.clienteId == request.auth.uid);\n        allow write: if false;\n      }\n    }\n\r\n    match /ServicosClientes/{clienteId}/ServicoStatus/{servicoId} {\n      allow read: if isAdmin()\r\n        || isOwner(clienteId)\r\n        || (signedIn() && resource.data.clienteId == request.auth.uid)\r\n        || (signedIn() && resource.data.prestadorId == request.auth.uid);\r\n\r\n      allow create: if isAdmin()\r\n        || isOwner(clienteId)\r\n        || (signedIn() && request.resource.data.prestadorId == request.auth.uid);\r\n\r\n      allow update: if isAdmin()\n        || validReviewUpdate()\n        || (\n          !touchesReviewFields()\n          && (\n            isOwner(clienteId)\n            || (signedIn() && resource.data.prestadorId == request.auth.uid)\n            || (signedIn() && request.resource.data.prestadorId == request.auth.uid)\n          )\n        );\n\r\n      allow delete: if isAdmin()\n        || isOwner(clienteId)\n        || (signedIn() && resource.data.prestadorId == request.auth.uid);\n\n      match /Propostas/{propostaId} {\n        allow read: if isAdmin() || isOwner(clienteId)\n          || (signedIn() && get(/databases/$(database)/documents/ServicosClientes/$(clienteId)/ServicoStatus/$(servicoId)).data.prestadorId == request.auth.uid);\n        allow write: if false;\n      }\n    }\n\r\n    match /ServicosRejeitados/{prestadorId}/ServicoStatus/{servicoId} {\r\n      allow read, create, update, delete: if isOwner(prestadorId) || isAdmin();\r\n    }\r\n\r\n    match /SolicitacoesArea/{requestId} {\r\n      allow read: if isAdmin()\r\n        || (signedIn() && resource.data.clienteId == request.auth.uid)\r\n        || areaParticipant(resource.data);\r\n\r\n      allow create: if signedIn() && request.resource.data.clienteId == request.auth.uid;\r\n\r\n      allow update: if isAdmin()\r\n        || (signedIn() && resource.data.clienteId == request.auth.uid)\r\n        || areaParticipant(resource.data);\r\n\r\n      allow delete: if isAdmin()\r\n        || (signedIn() && resource.data.clienteId == request.auth.uid);\r\n    }\r\n\r\n    match /SolicitacoesMensalidade/{requestId} {\n      allow read: if isAdmin()\r\n        || (signedIn() && resource.data.uid == request.auth.uid);\r\n\r\n      allow create: if signedIn()\r\n        && request.resource.data.uid == request.auth.uid\r\n        && request.resource.data.status == 'pendente';\r\n\r\n      allow update, delete: if isAdmin();\n    }\n\n    function isContratante() {\n      return signedIn()\n        && exists(/databases/$(database)/documents/Usuario/$(request.auth.uid))\n        && get(/databases/$(database)/documents/Usuario/$(request.auth.uid)).data.tipo == 'contratante';\n    }\n\n    match /ProblemasServicos/{problemaId} {\n      allow read: if isAdmin()\n        || (signedIn() && resource.data.clienteId == request.auth.uid)\n        || (signedIn() && resource.data.prestadorId == request.auth.uid);\n\n      allow create: if signedIn()\n        && request.resource.data.relatorId == request.auth.uid\n        && (\n          request.resource.data.clienteId == request.auth.uid\n          || request.resource.data.prestadorId == request.auth.uid\n        )\n        && request.resource.data.status == 'pendente';\n\n      allow update: if isAdmin()\n        || (\n          signedIn()\n          && resource.data.relatorId == request.auth.uid\n          && request.resource.data.relatorId == resource.data.relatorId\n          && request.resource.data.clienteId == resource.data.clienteId\n          && request.resource.data.prestadorId == resource.data.prestadorId\n          && request.resource.data.status == 'pendente'\n          && request.resource.data.diff(resource.data).changedKeys().hasOnly(['descricao', 'criadoEm'])\n        );\n      allow delete: if isAdmin();\n    }\n\n    match /LocalizacoesPrestadores/{prestadorId} {\n      allow read: if isOwner(prestadorId)\n        || isAdmin()\n        || (\n          isContratante()\n          && activePrestador(prestadorId)\n          && resource.data.expiresAt > request.time\n        );\n\n      allow create, update: if isOwner(prestadorId)\n        && activePrestador(prestadorId)\n        && request.resource.data.prestadorId == prestadorId\n        && request.resource.data.latitude is number\n        && request.resource.data.latitude >= -90\n        && request.resource.data.latitude <= 90\n        && request.resource.data.longitude is number\n        && request.resource.data.longitude >= -180\n        && request.resource.data.longitude <= 180\n        && request.resource.data.expiresAt is timestamp\n        && request.resource.data.expiresAt > request.time\n        && request.resource.data.expiresAt <= request.time + duration.value(3, 'h')\n        && request.resource.data.keys().hasOnly([\n          'prestadorId', 'latitude', 'longitude', 'accuracy', 'updatedAt', 'expiresAt'\n        ]);\n\n      allow delete: if isOwner(prestadorId) || isAdmin();\n    }\n\n    match /Denuncias/{denunciaId} {\n      allow create: if signedIn()\n        && request.resource.data.reporterId == request.auth.uid\n        && request.resource.data.status == 'pendente';\n      allow read: if isAdmin() || (signedIn() && resource.data.reporterId == request.auth.uid);\n      allow update, delete: if isAdmin();\n    }\n\n    match /Chats/{chatId} {\n      allow read, delete: if participantIn(resource.data) || isAdmin();\n      allow create: if isAdmin()\n        || (\n          participantIn(request.resource.data)\n          && request.resource.data.participants.size() == 2\n          && request.resource.data.keys().hasOnly([\n            'participants', 'lastMessage', 'lastMessageAt', 'updatedAt', 'unreadFor'\n          ])\n        );\n      allow update: if isAdmin()\n        || (\n          participantIn(resource.data)\n          && request.resource.data.participants == resource.data.participants\n          && request.resource.data.diff(resource.data).changedKeys().hasOnly([\n            'lastMessage', 'lastMessageAt', 'updatedAt', 'unreadFor'\n          ])\n        );\n\r\n      match /Messages/{messageId} {\n        allow read: if isAdmin()\n          || participantIn(get(/databases/$(database)/documents/Chats/$(chatId)).data);\n\n        allow create: if signedIn()\n          && request.resource.data.senderId == request.auth.uid\n          && request.resource.data.text is string\n          && request.resource.data.text.size() > 0\n          && request.resource.data.text.size() <= 1000\n          && request.resource.data.keys().hasOnly(['text', 'senderId', 'createdAt', 'replyTo', 'readBy', 'attachment', 'location'])\n          && participantIn(getAfter(/databases/$(database)/documents/Chats/$(chatId)).data);\n        allow update, delete: if false;\n      }\n\n      match /Presence/{presenceUid} {\n        allow read: if isAdmin()\n          || participantIn(get(/databases/$(database)/documents/Chats/$(chatId)).data);\n        allow create, update, delete: if signedIn()\n          && request.auth.uid == presenceUid\n          && participantIn(get(/databases/$(database)/documents/Chats/$(chatId)).data);\n      }\n    }\r\n\r\n    match /MercadoPagoWebhooks/{webhookId} {\n      allow read, write: if false;\n    }\n\n    match /AuditLogs/{logId} {\n      allow read: if isAdmin();\n      allow write: if false;\n    }\n\n    match /PublicConfig/{configId} {\n      allow read: if signedIn();\n      allow write: if isAdmin();\n    }\n\n    match /RateLimits/{limitId} {\n      allow read, write: if false;\n    }\n\r\n    match /{document=**} {\r\n      allow read, write: if false;\r\n    }\r\n  }\r\n}\r\n","name":"firestore.rules"}]},"createTime":"2026-07-04T17:51:58.027247Z","metadata":{"services":["cloud.firestore"]}}
[debug] [2026-07-04T17:51:58.167Z] [rules] created ruleset projects/info-650fe/rulesets/10315635-dadc-42fb-8b84-a2c945d05d7c
[debug] [2026-07-04T17:51:58.168Z] [rules] releasing cloud.firestore with ruleset projects/info-650fe/rulesets/10315635-dadc-42fb-8b84-a2c945d05d7c
[debug] [2026-07-04T17:51:58.168Z] Checked if tokens are valid: true, expires at: 1783191109809
[debug] [2026-07-04T17:51:58.169Z] Checked if tokens are valid: true, expires at: 1783191109809
[debug] [2026-07-04T17:51:58.169Z] >>> [apiv2][query] PATCH https://firebaserules.googleapis.com/v1/projects/info-650fe/releases/cloud.firestore [none]
[debug] [2026-07-04T17:51:58.169Z] >>> [apiv2][body] PATCH https://firebaserules.googleapis.com/v1/projects/info-650fe/releases/cloud.firestore {"release":{"name":"projects/info-650fe/releases/cloud.firestore","rulesetName":"projects/info-650fe/rulesets/10315635-dadc-42fb-8b84-a2c945d05d7c"}}
[debug] [2026-07-04T17:51:59.499Z] <<< [apiv2][status] PATCH https://firebaserules.googleapis.com/v1/projects/info-650fe/releases/cloud.firestore 200
[debug] [2026-07-04T17:51:59.499Z] <<< [apiv2][body] PATCH https://firebaserules.googleapis.com/v1/projects/info-650fe/releases/cloud.firestore {"name":"projects/info-650fe/releases/cloud.firestore","rulesetName":"projects/info-650fe/rulesets/10315635-dadc-42fb-8b84-a2c945d05d7c","createTime":"2025-09-18T19:47:32.071496Z","updateTime":"2026-07-04T17:51:59.339162Z"}
[debug] [2026-07-04T17:51:59.499Z] [rules] updated release projects/info-650fe/releases/cloud.firestore
[info] +  firestore: released rules firestore.rules to cloud.firestore 
[info] 
[info] +  Deploy complete! 
[info] 
[info] Project Console: https://console.firebase.google.com/project/info-650fe/overview
